{
    "1062716814": {
        "user_id": "1062716814",
        "username": "Dinar_Ilyasov1",
        "first_name": "Dinar",
        "last_name": "Ilyasov",
        "language_code": "ru",
        "is_premium": true,
        "first_login": "2025-06-16 14:31:11",
        "last_login": "2025-09-03 22:14:07",
        "sessions": [
            {
                "session_id": "e1ba86cd3ce7cc6a91faed9efa3f6587",
                "login_time": "2025-06-16 14:31:11",
                "logout_time": null,
                "duration_seconds": 10,
                "last_activity": "2025-06-16T11:31:21.478Z"
            },
            {
                "session_id": "6cc8ba06d264ba96893ed0eff9dac560",
                "login_time": "2025-06-16 14:31:25",
                "logout_time": null,
                "duration_seconds": 100,
                "last_activity": "2025-06-16T11:33:05.244Z"
            },
            {
                "session_id": "dfacd4361bdeb2374c9a297006e775c3",
                "login_time": "2025-06-16 14:31:44",
                "logout_time": null,
                "duration_seconds": 61,
                "last_activity": "2025-06-16T11:32:45.108Z"
            },
            {
                "session_id": "b329e6b854771ead7ec1598b0a0058ad",
                "login_time": "2025-06-16 14:31:45",
                "logout_time": null,
                "duration_seconds": 234,
                "last_activity": "2025-06-16T11:35:39.590Z"
            },
            {
                "session_id": "33f596d990007026e55f6c5acbcbcfa7",
                "login_time": "2025-06-16 17:52:27",
                "logout_time": null,
                "duration_seconds": 0,
                "last_activity": "2025-06-16 17:52:27"
            },
            {
                "session_id": "51f9eba2f117af21c5bd59e170874e5e",
                "login_time": "2025-06-16 17:56:06",
                "logout_time": null,
                "duration_seconds": 180,
                "last_activity": "2025-06-16T14:59:06.587Z"
            },
            {
                "session_id": "c273776fa2c47c234d3a10b6357feadc",
                "login_time": "2025-06-16 18:45:27",
                "logout_time": null,
                "duration_seconds": 293,
                "last_activity": "2025-06-16T15:50:20.987Z"
            },
            {
                "session_id": "037bc2b5d77d9ab8d7bf092efdb67572",
                "login_time": "2025-06-16 18:59:54",
                "logout_time": null,
                "duration_seconds": 55833,
                "last_activity": "2025-06-17T07:30:27.747Z"
            },
            {
                "session_id": "80be51331158345c7ab796a2af86208e",
                "login_time": "2025-06-16 19:15:43",
                "logout_time": null,
                "duration_seconds": 130,
                "last_activity": "2025-06-16T16:17:53.631Z"
            },
            {
                "session_id": "8bbbac1fc63282b1193add346adcdbb9",
                "login_time": "2025-06-16 21:21:47",
                "logout_time": null,
                "duration_seconds": 20,
                "last_activity": "2025-06-16T18:22:07.504Z"
            },
            {
                "session_id": "6143a196793bb87474dd2989329c388a",
                "login_time": "2025-06-16 23:41:49",
                "logout_time": null,
                "duration_seconds": 0,
                "last_activity": "2025-06-16 23:41:49"
            },
            {
                "session_id": "047db801055171ad0456ebd807fe0327",
                "login_time": "2025-06-17 13:08:41",
                "logout_time": null,
                "duration_seconds": 20,
                "last_activity": "2025-06-17T10:09:01.735Z"
            },
            {
                "session_id": "ccc6d192cb7029203b7130fb73674364",
                "login_time": "2025-06-17 14:14:47",
                "logout_time": null,
                "duration_seconds": 0,
                "last_activity": "2025-06-17 14:14:47"
            },
            {
                "session_id": "9d96429cba198f792ad55928a67a2bdb",
                "login_time": "2025-06-17 15:01:01",
                "logout_time": null,
                "duration_seconds": 654,
                "last_activity": "2025-06-17T12:11:55.961Z"
            },
            {
                "session_id": "92cce87ce4c53a1a3afce52caae12981",
                "login_time": "2025-06-17 15:02:17",
                "logout_time": null,
                "duration_seconds": 10,
                "last_activity": "2025-06-17T12:02:27.481Z"
            },
            {
                "session_id": "748b44478a69785ca3b9452438c77e07",
                "login_time": "2025-06-17 15:02:36",
                "logout_time": null,
                "duration_seconds": 329,
                "last_activity": "2025-06-17T12:08:05.958Z"
            },
            {
                "session_id": "9d61958d53586bcc7126590ca3bab05e",
                "login_time": "2025-06-17 15:12:51",
                "logout_time": null,
                "duration_seconds": 223,
                "last_activity": "2025-06-17T12:16:34.023Z"
            },
            {
                "session_id": "864ba1416b8bcd11651219a22700dfc8",
                "login_time": "2025-06-17 15:18:00",
                "logout_time": null,
                "duration_seconds": 80,
                "last_activity": "2025-06-17T12:19:20.161Z"
            },
            {
                "session_id": "407242566ca5665ae3eef5b04d6646e2",
                "login_time": "2025-06-19 00:22:46",
                "logout_time": null,
                "duration_seconds": 20,
                "last_activity": "2025-06-18T21:23:06.365Z"
            },
            {
                "session_id": "9162b3d2f44277fdde436550ece494b7",
                "login_time": "2025-06-19 00:23:15",
                "logout_time": null,
                "duration_seconds": 111,
                "last_activity": "2025-06-18T21:25:06.389Z"
            },
            {
                "session_id": "216666e7e3519d69624308173006fde7",
                "login_time": "2025-06-19 00:23:18",
                "logout_time": null,
                "duration_seconds": 41,
                "last_activity": "2025-06-18T21:23:59.023Z"
            },
            {
                "session_id": "f5244c13abe0489caa308b39188f961a",
                "login_time": "2025-06-19 00:24:02",
                "logout_time": null,
                "duration_seconds": 70,
                "last_activity": "2025-06-18T21:25:12.728Z"
            },
            {
                "session_id": "e42d4744832378b1e8e996c11be18eb5",
                "login_time": "2025-06-19 00:25:43",
                "logout_time": null,
                "duration_seconds": 415,
                "last_activity": "2025-06-18T21:32:38.383Z"
            },
            {
                "session_id": "0f5b082c6ac92c42ba072211e3d8294f",
                "login_time": "2025-06-19 00:28:02",
                "logout_time": null,
                "duration_seconds": 270,
                "last_activity": "2025-06-18T21:32:32.475Z"
            },
            {
                "session_id": "69531f0337a6affb4b68242a2aafb323",
                "login_time": "2025-06-19 00:33:23",
                "logout_time": null,
                "duration_seconds": 10,
                "last_activity": "2025-06-18T21:33:33.454Z"
            },
            {
                "session_id": "472fd57b932bf34cadd0ef3700fdbfbd",
                "login_time": "2025-06-19 00:33:44",
                "logout_time": null,
                "duration_seconds": 349,
                "last_activity": "2025-06-18T21:39:33.945Z"
            },
            {
                "session_id": "6e81fece883c69f1cb913ca048694c5c",
                "login_time": "2025-06-19 00:42:21",
                "logout_time": null,
                "duration_seconds": 360,
                "last_activity": "2025-06-18T21:48:21.714Z"
            },
            {
                "session_id": "193a290f1d75d3596b3e9d2581a263d6",
                "login_time": "2025-06-19 00:56:00",
                "logout_time": null,
                "duration_seconds": 145,
                "last_activity": "2025-06-18T21:58:25.000Z"
            },
            {
                "session_id": "ac675f13a4ea6e0c5a3d9bee43664e4f",
                "login_time": "2025-06-19 10:12:38",
                "logout_time": null,
                "duration_seconds": 50,
                "last_activity": "2025-06-19T07:13:28.737Z"
            },
            {
                "session_id": "0b6413428ec60dd58148d290ce4e0551",
                "login_time": "2025-06-19 23:23:48",
                "logout_time": null,
                "duration_seconds": 310,
                "last_activity": "2025-06-19T20:28:58.117Z"
            },
            {
                "session_id": "9b329401dc1ea5eb0c63ad17163cc913",
                "login_time": "2025-06-19 23:29:09",
                "logout_time": null,
                "duration_seconds": 210,
                "last_activity": "2025-06-19T20:32:39.815Z"
            },
            {
                "session_id": "4c11f663c9704db8b313a8c633203fab",
                "login_time": "2025-06-19 23:39:13",
                "logout_time": null,
                "duration_seconds": 202,
                "last_activity": "2025-06-19T20:42:35.471Z"
            },
            {
                "session_id": "dc25477e46ed8e0fe29296cd5fa7f4ec",
                "login_time": "2025-06-19 23:44:05",
                "logout_time": null,
                "duration_seconds": 170,
                "last_activity": "2025-06-19T20:46:55.462Z"
            },
            {
                "session_id": "96fc4c4ee3b27866f9649eddaefde736",
                "login_time": "2025-06-20 19:49:28",
                "logout_time": null,
                "duration_seconds": 340,
                "last_activity": "2025-06-20T16:55:08.262Z"
            },
            {
                "session_id": "0978c58d4b351ab596b0d857cce2a86a",
                "login_time": "2025-06-21 00:10:51",
                "logout_time": null,
                "duration_seconds": 10,
                "last_activity": "2025-06-20T21:11:01.877Z"
            },
            {
                "session_id": "47513339c3c208abf37ccddd339f38fb",
                "login_time": "2025-06-22 00:12:17",
                "logout_time": null,
                "duration_seconds": 0,
                "last_activity": "2025-06-22 00:12:17"
            },
            {
                "session_id": "c29dcc7d93241a90186670497e7f7005",
                "login_time": "2025-06-24 17:16:12",
                "logout_time": null,
                "duration_seconds": 10,
                "last_activity": "2025-06-24T14:16:22.447Z"
            },
            {
                "session_id": "c62fadcae1cd697d15bc7dfc12cdcb49",
                "login_time": "2025-06-29 10:11:18",
                "logout_time": null,
                "duration_seconds": 10,
                "last_activity": "2025-06-29T07:11:28.213Z"
            },
            {
                "session_id": "6025ad21c1ffbdd6569ae0df7cfd6c39",
                "login_time": "2025-06-29 19:11:36",
                "logout_time": null,
                "duration_seconds": 53701,
                "last_activity": "2025-06-30T07:06:37.123Z"
            },
            {
                "session_id": "89a2df832d52bb50d948d0177f77def0",
                "login_time": "2025-06-30 22:31:14",
                "logout_time": null,
                "duration_seconds": 70,
                "last_activity": "2025-06-30T19:32:24.273Z"
            },
            {
                "session_id": "58e6a571437749b084fe5d435cbad05d",
                "login_time": "2025-07-03 22:22:13",
                "logout_time": null,
                "duration_seconds": 531,
                "last_activity": "2025-07-03T19:31:04.064Z"
            },
            {
                "session_id": "653e16fc2817b548e241aee8dc7b40f9",
                "login_time": "2025-07-08 12:21:11",
                "logout_time": null,
                "duration_seconds": 0,
                "last_activity": "2025-07-08 12:21:11"
            },
            {
                "session_id": "7f89aa8257a605d7abab49ad8c220c3e",
                "login_time": "2025-07-08 12:22:05",
                "logout_time": null,
                "duration_seconds": 10,
                "last_activity": "2025-07-08T09:22:15.738Z"
            },
            {
                "session_id": "8e480ce87b0f8fa882fcc6434cfcccca",
                "login_time": "2025-07-08 13:42:12",
                "logout_time": null,
                "duration_seconds": 10,
                "last_activity": "2025-07-08T10:42:22.798Z"
            },
            {
                "session_id": "367d1114b452ff27b072890a047ea51e",
                "login_time": "2025-07-08 13:45:07",
                "logout_time": null,
                "duration_seconds": 10,
                "last_activity": "2025-07-08T10:45:17.470Z"
            },
            {
                "session_id": "4c462cc217e743eb7e3ba758d17ce1f9",
                "login_time": "2025-07-08 13:45:39",
                "logout_time": null,
                "duration_seconds": 20,
                "last_activity": "2025-07-08T10:45:59.819Z"
            },
            {
                "session_id": "0a7776bd5e0929e6dcd2cd0db2b87e6f",
                "login_time": "2025-07-08 13:46:10",
                "logout_time": null,
                "duration_seconds": 10,
                "last_activity": "2025-07-08T10:46:20.547Z"
            },
            {
                "session_id": "cf0ba836127b161855bbb69fa67a67fb",
                "login_time": "2025-07-08 13:47:09",
                "logout_time": null,
                "duration_seconds": 20,
                "last_activity": "2025-07-08T10:47:29.156Z"
            },
            {
                "session_id": "9e717268f6bab5d01d38117843074020",
                "login_time": "2025-07-08 13:59:04",
                "logout_time": null,
                "duration_seconds": 19,
                "last_activity": "2025-07-08T10:59:23.965Z"
            },
            {
                "session_id": "07961b3ad10d26c48673e48f52953007",
                "login_time": "2025-07-08 14:00:26",
                "logout_time": null,
                "duration_seconds": 20,
                "last_activity": "2025-07-08T11:00:46.337Z"
            },
            {
                "session_id": "6468b34f86f7a8d109a7773bf780e204",
                "login_time": "2025-07-08 14:01:08",
                "logout_time": null,
                "duration_seconds": 10,
                "last_activity": "2025-07-08T11:01:18.383Z"
            },
            {
                "session_id": "6b1c0ef40e4a9bb6ca5684d076b7dc86",
                "login_time": "2025-07-08 14:01:08",
                "logout_time": null,
                "duration_seconds": 118,
                "last_activity": "2025-07-08T11:03:06.525Z"
            },
            {
                "session_id": "a7a02db77a36d1200c02823e9942a50d",
                "login_time": "2025-07-09 15:17:05",
                "logout_time": null,
                "duration_seconds": 100,
                "last_activity": "2025-07-09T12:18:45.358Z"
            },
            {
                "session_id": "c665b7fb6df1480f5e3ac7ad1c3c95ea",
                "login_time": "2025-07-12 23:00:26",
                "logout_time": null,
                "duration_seconds": 442,
                "last_activity": "2025-07-12T20:07:48.567Z"
            },
            {
                "session_id": "4afbfa49f26889039c0a30acf65401f4",
                "login_time": "2025-07-17 10:09:28",
                "logout_time": null,
                "duration_seconds": 70,
                "last_activity": "2025-07-17T07:10:38.652Z"
            },
            {
                "session_id": "2103f9ac507f89bd6ec7a7e5adbf0e53",
                "login_time": "2025-07-24 22:40:30",
                "logout_time": null,
                "duration_seconds": 79,
                "last_activity": "2025-07-24T19:41:49.981Z"
            },
            {
                "session_id": "a5e80fca31bfb8f99c2ff2e5a7ff8341",
                "login_time": "2025-07-24 22:41:57",
                "logout_time": null,
                "duration_seconds": 30,
                "last_activity": "2025-07-24T19:42:27.116Z"
            },
            {
                "session_id": "cfc9fede412715144d1c5d4cbb0fed99",
                "login_time": "2025-07-24 22:43:06",
                "logout_time": null,
                "duration_seconds": 220,
                "last_activity": "2025-07-24T19:46:46.230Z"
            },
            {
                "session_id": "1fc65540ad2e8c906aa6774a10b2b9dc",
                "login_time": "2025-07-24 22:49:55",
                "logout_time": null,
                "duration_seconds": 119,
                "last_activity": "2025-07-24T19:51:54.793Z"
            },
            {
                "session_id": "d6302402a1f140b937bc1763bfd45688",
                "login_time": "2025-07-24 22:59:06",
                "logout_time": null,
                "duration_seconds": 333,
                "last_activity": "2025-07-24T20:04:39.877Z"
            },
            {
                "session_id": "d75e61153f689ee6a8bca4ab52b17b6d",
                "login_time": "2025-09-03 22:14:07",
                "logout_time": null,
                "duration_seconds": 370,
                "last_activity": "2025-09-03T19:20:17.566Z"
            }
        ],
        "favorites": [
            "\u0411\u0415\u0420\u0415\u041c\u0415\u041d\u041d\u042b\u0418\u0306 \u041c\u0423\u0416\u0427\u0418\u041d\u0410 \u0421\u0415\u041b \u041d\u0410 \u041c\u0415\u0421\u0422\u041e\ud83d\ude02 #\u0434\u043e\u0440\u0430\u043c\u0430 (1).mp4",
            "\u0441\u043e\u0432\u0435\u0442\u0443\u044e_\u0432\u0430\u043c_\u044d\u0442\u0443_\u0434\u043e\u0440\u0430\u043c\u0443_\ud83d\udc93_#\u043a\u043e\u0440\u0435\u044f_#kdrama_#\u0434\u043e\u0440\u0430\u043c\u0430.mp4",
            "1\u041d\u0430\u0441\u043b\u0435\u0434\u043d\u0438\u043a_\u0442\u044f\u0436\u0435\u043b\u043e_\u0431\u043e\u043b\u0435\u043d\ud83e\udd12_#\u043a\u043e\u0440\u0435\u044f_#\u0434\u043e\u0440\u0430\u043c\u0430_#\u0434\u043e\u0440\u0430\u043c\u044b_#\u043a\u043e\u0440\u043e\u043b\u0435\u0432\u0430\u0432\u043e\u043d\u0433\u0435\u0308\u043d.mp4",
            "\ud83d\ude02 \u041a\u043e\u0433\u0434\u0430 \ud83d\udc4c \u043f\u0440\u0435\u043f\u043e\u0434 \u043d\u0435 \u0441\u043c\u043e\u0433 \u0437\u0430\u0432\u0430\u043b\u0438\u0442\u044c \u043d\u0430 \u042d\u043a\u0437\u0430\u043c\u0435\u043d\u0435 \ud83d\udc9e \u0414\u043e\u0440\u0430\u043c\u0430 \u0412\u0438\u043d\u0447\u0435\u043d\u0446\u043e.mp4",
            "\u0411\u043e\u043b\u0442\u0443\u043d.mp4"
        ],
        "likes": [],
        "dislikes": [
            "\u0441\u043e\u0432\u0435\u0442\u0443\u044e_\u0432\u0430\u043c_\u044d\u0442\u0443_\u0434\u043e\u0440\u0430\u043c\u0443_\ud83d\udc93_#\u043a\u043e\u0440\u0435\u044f_#kdrama_#\u0434\u043e\u0440\u0430\u043c\u0430.mp4",
            "1\u041d\u0430\u0441\u043b\u0435\u0434\u043d\u0438\u043a_\u0442\u044f\u0436\u0435\u043b\u043e_\u0431\u043e\u043b\u0435\u043d\ud83e\udd12_#\u043a\u043e\u0440\u0435\u044f_#\u0434\u043e\u0440\u0430\u043c\u0430_#\u0434\u043e\u0440\u0430\u043c\u044b_#\u043a\u043e\u0440\u043e\u043b\u0435\u0432\u0430\u0432\u043e\u043d\u0433\u0435\u0308\u043d.mp4",
            "\u0441\u043e\u0432\u0440\u0430\u043b_\u0441\u044b\u043d\u0443,_\u0447\u0442\u043e_\u043d\u0435_\u0437\u043d\u0430\u043b_\u043e_\u043d\u0435\u043c_#gangermans_#\u0434\u043e\u0440\u0430\u043c\u0430_#\u0441\u0435\u0440\u0438\u0430\u043b_#\u0444\u0438\u043b\u044c\u043c.mp4",
            "\u0411\u043e\u043b\u0442\u0443\u043d.mp4"
        ],
        "watchedVideos": [
            "\u041d\u043e\u0432\u0438\u043d\u043a\u0430 \ud83d\udc97 #\u043a\u043e\u0440\u0435\u044f #kdrama #\u0434\u043e\u0440\u0430\u043c\u0430.mp4",
            "\ud83d\ude02 \u041a\u043e\u0433\u0434\u0430 \ud83d\udc4c \u043f\u0440\u0435\u043f\u043e\u0434 \u043d\u0435 \u0441\u043c\u043e\u0433 \u0437\u0430\u0432\u0430\u043b\u0438\u0442\u044c \u043d\u0430 \u042d\u043a\u0437\u0430\u043c\u0435\u043d\u0435 \ud83d\udc9e \u0414\u043e\u0440\u0430\u043c\u0430 \u0412\u0438\u043d\u0447\u0435\u043d\u0446\u043e.mp4",
            "\u0441\u043e\u0432\u0440\u0430\u043b_\u0441\u044b\u043d\u0443,_\u0447\u0442\u043e_\u043d\u0435_\u0437\u043d\u0430\u043b_\u043e_\u043d\u0435\u043c_#gangermans_#\u0434\u043e\u0440\u0430\u043c\u0430_#\u0441\u0435\u0440\u0438\u0430\u043b_#\u0444\u0438\u043b\u044c\u043c.mp4"
        ],
        "watchProgress": {
            "\u041d\u043e\u0432\u0438\u043d\u043a\u0430 \ud83d\udc97 #\u043a\u043e\u0440\u0435\u044f #kdrama #\u0434\u043e\u0440\u0430\u043c\u0430.mp4": {
                "watchedAt": "2025-09-03 22:15:01",
                "duration": 5
            },
            "\ud83d\ude02 \u041a\u043e\u0433\u0434\u0430 \ud83d\udc4c \u043f\u0440\u0435\u043f\u043e\u0434 \u043d\u0435 \u0441\u043c\u043e\u0433 \u0437\u0430\u0432\u0430\u043b\u0438\u0442\u044c \u043d\u0430 \u042d\u043a\u0437\u0430\u043c\u0435\u043d\u0435 \ud83d\udc9e \u0414\u043e\u0440\u0430\u043c\u0430 \u0412\u0438\u043d\u0447\u0435\u043d\u0446\u043e.mp4": {
                "watchedAt": "2025-09-03 22:15:31",
                "duration": 5
            },
            "\u0441\u043e\u0432\u0440\u0430\u043b_\u0441\u044b\u043d\u0443,_\u0447\u0442\u043e_\u043d\u0435_\u0437\u043d\u0430\u043b_\u043e_\u043d\u0435\u043c_#gangermans_#\u0434\u043e\u0440\u0430\u043c\u0430_#\u0441\u0435\u0440\u0438\u0430\u043b_#\u0444\u0438\u043b\u044c\u043c.mp4": {
                "watchedAt": "2025-09-03 22:15:45",
                "duration": 5
            }
        },
        "currentSessionOrder": [
            "\u0411\u0415\u0420\u0415\u041c\u0415\u041d\u041d\u042b\u0418\u0306 \u041c\u0423\u0416\u0427\u0418\u041d\u0410 \u0421\u0415\u041b \u041d\u0410 \u041c\u0415\u0421\u0422\u041e\ud83d\ude02 #\u0434\u043e\u0440\u0430\u043c\u0430 (1).mp4",
            "\u0441\u043e\u0432\u0440\u0430\u043b_\u0441\u044b\u043d\u0443,_\u0447\u0442\u043e_\u043d\u0435_\u0437\u043d\u0430\u043b_\u043e_\u043d\u0435\u043c_#gangermans_#\u0434\u043e\u0440\u0430\u043c\u0430_#\u0441\u0435\u0440\u0438\u0430\u043b_#\u0444\u0438\u043b\u044c\u043c.mp4",
            "\u0411\u0415\u0420\u0415\u041c\u0415\u041d\u041d\u042b\u0418\u0306 \u041c\u0423\u0416\u0427\u0418\u041d\u0410 \u0421\u0415\u041b \u041d\u0410 \u041c\u0415\u0421\u0422\u041e\ud83d\ude02 #\u0434\u043e\u0440\u0430\u043c\u0430 (1).mp4",
            "\u0441\u043e\u0432\u0440\u0430\u043b_\u0441\u044b\u043d\u0443,_\u0447\u0442\u043e_\u043d\u0435_\u0437\u043d\u0430\u043b_\u043e_\u043d\u0435\u043c_#gangermans_#\u0434\u043e\u0440\u0430\u043c\u0430_#\u0441\u0435\u0440\u0438\u0430\u043b_#\u0444\u0438\u043b\u044c\u043c.mp4"
        ],
        "totalCycles": 15,
        "last_modified": "2025-09-03 22:15:50",
        "last_activity": "2025-09-03T19:20:17.566Z",
        "lastVideoId": "\u0441\u043e\u0432\u0440\u0430\u043b_\u0441\u044b\u043d\u0443,_\u0447\u0442\u043e_\u043d\u0435_\u0437\u043d\u0430\u043b_\u043e_\u043d\u0435\u043c_#gangermans_#\u0434\u043e\u0440\u0430\u043c\u0430_#\u0441\u0435\u0440\u0438\u0430\u043b_#\u0444\u0438\u043b\u044c\u043c.mp4"
    },
    "7155290763": {
        "user_id": "7155290763",
        "username": "he_sol",
        "first_name": "He all",
        "last_name": "",
        "language_code": "ru",
        "is_premium": false,
        "first_login": "2025-06-16 17:51:38",
        "last_login": "2025-07-08 23:42:39",
        "sessions": [
            {
                "session_id": "cf39a04744ade54aff9469f43fc70fe0",
                "login_time": "2025-06-16 17:51:38",
                "logout_time": null,
                "duration_seconds": 0,
                "last_activity": "2025-06-16 17:51:38"
            },
            {
                "session_id": "3e30d15d6502e82a382af1c40b07c232",
                "login_time": "2025-06-16 17:52:46",
                "logout_time": null,
                "duration_seconds": 0,
                "last_activity": "2025-06-16 17:52:46"
            },
            {
                "session_id": "55b53f2ebf2edb3b58334050a94a4f87",
                "login_time": "2025-06-17 15:01:15",
                "logout_time": null,
                "duration_seconds": 50,
                "last_activity": "2025-06-17T12:02:05.139Z"
            },
            {
                "session_id": "f86a5d416dd46dd653fca8c8d0ffe234",
                "login_time": "2025-06-17 15:13:13",
                "logout_time": null,
                "duration_seconds": 9,
                "last_activity": "2025-06-17T12:13:22.530Z"
            },
            {
                "session_id": "9416ceebd8f6c5afa191c72d1df7598a",
                "login_time": "2025-06-17 15:13:31",
                "logout_time": null,
                "duration_seconds": 50,
                "last_activity": "2025-06-17T12:14:21.132Z"
            },
            {
                "session_id": "549f43072316e121ee89c846c7f95e9d",
                "login_time": "2025-06-17 15:17:25",
                "logout_time": null,
                "duration_seconds": 10,
                "last_activity": "2025-06-17T12:17:35.270Z"
            },
            {
                "session_id": "6223e7e2ed107bdc4e5a1777e5b9238e",
                "login_time": "2025-06-17 15:17:46",
                "logout_time": null,
                "duration_seconds": 9,
                "last_activity": "2025-06-17T12:17:55.675Z"
            },
            {
                "session_id": "bd821f482b8343ff2f5493cd1fe03843",
                "login_time": "2025-07-08 23:42:39",
                "logout_time": null,
                "duration_seconds": 10,
                "last_activity": "2025-07-08T20:42:49.944Z"
            }
        ],
        "favorites": [],
        "likes": [],
        "dislikes": [],
        "watchedVideos": [
            "2_\u0441\u0435\u0437\u043e\u043d_\u0432\u044b\u0448\u0435\u043b_\ud83d\udd25_#kdrama_#\u043a\u043e\u0440\u0435\u044f_#\u0434\u043e\u0440\u0430\u043c\u044b.mp4",
            "\ud83d\ude02 \u041a\u043e\u0433\u0434\u0430 \ud83d\udc4c \u043f\u0440\u0435\u043f\u043e\u0434 \u043d\u0435 \u0441\u043c\u043e\u0433 \u0437\u0430\u0432\u0430\u043b\u0438\u0442\u044c \u043d\u0430 \u042d\u043a\u0437\u0430\u043c\u0435\u043d\u0435 \ud83d\udc9e \u0414\u043e\u0440\u0430\u043c\u0430 \u0412\u0438\u043d\u0447\u0435\u043d\u0446\u043e.mp4"
        ],
        "watchProgress": {
            "2_\u0441\u0435\u0437\u043e\u043d_\u0432\u044b\u0448\u0435\u043b_\ud83d\udd25_#kdrama_#\u043a\u043e\u0440\u0435\u044f_#\u0434\u043e\u0440\u0430\u043c\u044b.mp4": {
                "watchedAt": "2025-06-17 15:13:47",
                "duration": 5
            },
            "\ud83d\ude02 \u041a\u043e\u0433\u0434\u0430 \ud83d\udc4c \u043f\u0440\u0435\u043f\u043e\u0434 \u043d\u0435 \u0441\u043c\u043e\u0433 \u0437\u0430\u0432\u0430\u043b\u0438\u0442\u044c \u043d\u0430 \u042d\u043a\u0437\u0430\u043c\u0435\u043d\u0435 \ud83d\udc9e \u0414\u043e\u0440\u0430\u043c\u0430 \u0412\u0438\u043d\u0447\u0435\u043d\u0446\u043e.mp4": {
                "watchedAt": "2025-06-17 15:14:02",
                "duration": 5
            }
        },
        "currentSessionOrder": [
            "\u0441\u043e\u0432\u0440\u0430\u043b_\u0441\u044b\u043d\u0443,_\u0447\u0442\u043e_\u043d\u0435_\u0437\u043d\u0430\u043b_\u043e_\u043d\u0435\u043c_#gangermans_#\u0434\u043e\u0440\u0430\u043c\u0430_#\u0441\u0435\u0440\u0438\u0430\u043b_#\u0444\u0438\u043b\u044c\u043c.mp4",
            "2_\u0441\u0435\u0437\u043e\u043d_\u0432\u044b\u0448\u0435\u043b_\ud83d\udd25_#kdrama_#\u043a\u043e\u0440\u0435\u044f_#\u0434\u043e\u0440\u0430\u043c\u044b.mp4",
            "\ud83d\ude02 \u041a\u043e\u0433\u0434\u0430 \ud83d\udc4c \u043f\u0440\u0435\u043f\u043e\u0434 \u043d\u0435 \u0441\u043c\u043e\u0433 \u0437\u0430\u0432\u0430\u043b\u0438\u0442\u044c \u043d\u0430 \u042d\u043a\u0437\u0430\u043c\u0435\u043d\u0435 \ud83d\udc9e \u0414\u043e\u0440\u0430\u043c\u0430 \u0412\u0438\u043d\u0447\u0435\u043d\u0446\u043e.mp4",
            "\u041d\u043e\u0432\u0438\u043d\u043a\u0430 \ud83d\udc97 #\u043a\u043e\u0440\u0435\u044f #kdrama #\u0434\u043e\u0440\u0430\u043c\u0430.mp4",
            "\u0441\u043e\u0432\u0435\u0442\u0443\u044e_\u0432\u0430\u043c_\u044d\u0442\u0443_\u0434\u043e\u0440\u0430\u043c\u0443_\ud83d\udc93_#\u043a\u043e\u0440\u0435\u044f_#kdrama_#\u0434\u043e\u0440\u0430\u043c\u0430.mp4",
            "1\u041d\u0430\u0441\u043b\u0435\u0434\u043d\u0438\u043a_\u0442\u044f\u0436\u0435\u043b\u043e_\u0431\u043e\u043b\u0435\u043d\ud83e\udd12_#\u043a\u043e\u0440\u0435\u044f_#\u0434\u043e\u0440\u0430\u043c\u0430_#\u0434\u043e\u0440\u0430\u043c\u044b_#\u043a\u043e\u0440\u043e\u043b\u0435\u0432\u0430\u0432\u043e\u043d\u0433\u0435\u0308\u043d.mp4"
        ],
        "totalCycles": 0,
        "last_modified": "2025-07-08 23:42:41",
        "last_activity": "2025-07-08T20:42:49.944Z",
        "lastVideoId": "\u0441\u043e\u0432\u0435\u0442\u0443\u044e_\u0432\u0430\u043c_\u044d\u0442\u0443_\u0434\u043e\u0440\u0430\u043c\u0443_\ud83d\udc93_#\u043a\u043e\u0440\u0435\u044f_#kdrama_#\u0434\u043e\u0440\u0430\u043c\u0430.mp4"
    },
    "7927946368": {
        "user_id": "7927946368",
        "username": "user_7927946368",
        "first_name": "Yo",
        "last_name": "Jin",
        "language_code": "ru",
        "is_premium": false,
        "first_login": "2025-06-16 17:53:01",
        "last_login": "2025-07-08 23:41:36",
        "sessions": [
            {
                "session_id": "12976c122fc5723d456456afb8d68a5b",
                "login_time": "2025-06-16 17:53:01",
                "logout_time": null,
                "duration_seconds": 177,
                "last_activity": "2025-06-16T14:55:58.946Z"
            },
            {
                "session_id": "3f40987a1056d0e0c74b13807e98ee6a",
                "login_time": "2025-06-16 17:53:02",
                "logout_time": null,
                "duration_seconds": 176,
                "last_activity": "2025-06-16T14:55:58.898Z"
            },
            {
                "session_id": "27b0999046d500e8534024b995e42c41",
                "login_time": "2025-06-16 23:42:06",
                "logout_time": null,
                "duration_seconds": 0,
                "last_activity": "2025-06-16 23:42:06"
            },
            {
                "session_id": "65ed2d843be85a2002906ab39aa75d35",
                "login_time": "2025-06-16 23:42:16",
                "logout_time": null,
                "duration_seconds": 0,
                "last_activity": "2025-06-16 23:42:16"
            },
            {
                "session_id": "4fd256e9bc21a0517253c3948aff7cce",
                "login_time": "2025-06-16 23:42:40",
                "logout_time": null,
                "duration_seconds": 151,
                "last_activity": "2025-06-16T20:45:11.007Z"
            },
            {
                "session_id": "aa600a6aed791ff10f42f13d22e3cfc1",
                "login_time": "2025-06-17 10:53:13",
                "logout_time": null,
                "duration_seconds": 0,
                "last_activity": "2025-06-17 10:53:13"
            },
            {
                "session_id": "e80bd54fa22456d890514d5764baaab6",
                "login_time": "2025-06-18 23:13:17",
                "logout_time": null,
                "duration_seconds": 69,
                "last_activity": "2025-06-18T20:14:26.918Z"
            },
            {
                "session_id": "261a5cc87143235119062bfda1b56e59",
                "login_time": "2025-06-19 23:40:48",
                "logout_time": null,
                "duration_seconds": 60,
                "last_activity": "2025-06-19T20:41:48.608Z"
            },
            {
                "session_id": "ba39d3b795ce89831539596e3dd1184e",
                "login_time": "2025-07-08 23:41:36",
                "logout_time": null,
                "duration_seconds": 50,
                "last_activity": "2025-07-08T20:42:26.216Z"
            }
        ],
        "favorites": [
            "\u0441\u043e\u0432\u0440\u0430\u043b_\u0441\u044b\u043d\u0443,_\u0447\u0442\u043e_\u043d\u0435_\u0437\u043d\u0430\u043b_\u043e_\u043d\u0435\u043c_#gangermans_#\u0434\u043e\u0440\u0430\u043c\u0430_#\u0441\u0435\u0440\u0438\u0430\u043b_#\u0444\u0438\u043b\u044c\u043c.mp4"
        ],
        "likes": [],
        "dislikes": [
            "\u0441\u043e\u0432\u0440\u0430\u043b_\u0441\u044b\u043d\u0443,_\u0447\u0442\u043e_\u043d\u0435_\u0437\u043d\u0430\u043b_\u043e_\u043d\u0435\u043c_#gangermans_#\u0434\u043e\u0440\u0430\u043c\u0430_#\u0441\u0435\u0440\u0438\u0430\u043b_#\u0444\u0438\u043b\u044c\u043c.mp4"
        ],
        "watchedVideos": [
            "\ud83d\ude02 \u041a\u043e\u0433\u0434\u0430 \ud83d\udc4c \u043f\u0440\u0435\u043f\u043e\u0434 \u043d\u0435 \u0441\u043c\u043e\u0433 \u0437\u0430\u0432\u0430\u043b\u0438\u0442\u044c \u043d\u0430 \u042d\u043a\u0437\u0430\u043c\u0435\u043d\u0435 \ud83d\udc9e \u0414\u043e\u0440\u0430\u043c\u0430 \u0412\u0438\u043d\u0447\u0435\u043d\u0446\u043e.mp4",
            "1\u041d\u0430\u0441\u043b\u0435\u0434\u043d\u0438\u043a_\u0442\u044f\u0436\u0435\u043b\u043e_\u0431\u043e\u043b\u0435\u043d\ud83e\udd12_#\u043a\u043e\u0440\u0435\u044f_#\u0434\u043e\u0440\u0430\u043c\u0430_#\u0434\u043e\u0440\u0430\u043c\u044b_#\u043a\u043e\u0440\u043e\u043b\u0435\u0432\u0430\u0432\u043e\u043d\u0433\u0435\u0308\u043d.mp4"
        ],
        "watchProgress": {
            "\ud83d\ude02 \u041a\u043e\u0433\u0434\u0430 \ud83d\udc4c \u043f\u0440\u0435\u043f\u043e\u0434 \u043d\u0435 \u0441\u043c\u043e\u0433 \u0437\u0430\u0432\u0430\u043b\u0438\u0442\u044c \u043d\u0430 \u042d\u043a\u0437\u0430\u043c\u0435\u043d\u0435 \ud83d\udc9e \u0414\u043e\u0440\u0430\u043c\u0430 \u0412\u0438\u043d\u0447\u0435\u043d\u0446\u043e.mp4": {
                "watchedAt": "2025-07-08 23:42:18",
                "duration": 5
            },
            "1\u041d\u0430\u0441\u043b\u0435\u0434\u043d\u0438\u043a_\u0442\u044f\u0436\u0435\u043b\u043e_\u0431\u043e\u043b\u0435\u043d\ud83e\udd12_#\u043a\u043e\u0440\u0435\u044f_#\u0434\u043e\u0440\u0430\u043c\u0430_#\u0434\u043e\u0440\u0430\u043c\u044b_#\u043a\u043e\u0440\u043e\u043b\u0435\u0432\u0430\u0432\u043e\u043d\u0433\u0435\u0308\u043d.mp4": {
                "watchedAt": "2025-07-08 23:42:25",
                "duration": 5
            }
        },
        "currentSessionOrder": [
            "\ud83d\ude02 \u041a\u043e\u0433\u0434\u0430 \ud83d\udc4c \u043f\u0440\u0435\u043f\u043e\u0434 \u043d\u0435 \u0441\u043c\u043e\u0433 \u0437\u0430\u0432\u0430\u043b\u0438\u0442\u044c \u043d\u0430 \u042d\u043a\u0437\u0430\u043c\u0435\u043d\u0435 \ud83d\udc9e \u0414\u043e\u0440\u0430\u043c\u0430 \u0412\u0438\u043d\u0447\u0435\u043d\u0446\u043e.mp4",
            "1\u041d\u0430\u0441\u043b\u0435\u0434\u043d\u0438\u043a_\u0442\u044f\u0436\u0435\u043b\u043e_\u0431\u043e\u043b\u0435\u043d\ud83e\udd12_#\u043a\u043e\u0440\u0435\u044f_#\u0434\u043e\u0440\u0430\u043c\u0430_#\u0434\u043e\u0440\u0430\u043c\u044b_#\u043a\u043e\u0440\u043e\u043b\u0435\u0432\u0430\u0432\u043e\u043d\u0433\u0435\u0308\u043d.mp4",
            "\u041d\u043e\u0432\u0438\u043d\u043a\u0430 \ud83d\udc97 #\u043a\u043e\u0440\u0435\u044f #kdrama #\u0434\u043e\u0440\u0430\u043c\u0430.mp4",
            "\u0441\u043e\u0432\u0435\u0442\u0443\u044e_\u0432\u0430\u043c_\u044d\u0442\u0443_\u0434\u043e\u0440\u0430\u043c\u0443_\ud83d\udc93_#\u043a\u043e\u0440\u0435\u044f_#kdrama_#\u0434\u043e\u0440\u0430\u043c\u0430.mp4",
            "\u0441\u043e\u0432\u0440\u0430\u043b_\u0441\u044b\u043d\u0443,_\u0447\u0442\u043e_\u043d\u0435_\u0437\u043d\u0430\u043b_\u043e_\u043d\u0435\u043c_#gangermans_#\u0434\u043e\u0440\u0430\u043c\u0430_#\u0441\u0435\u0440\u0438\u0430\u043b_#\u0444\u0438\u043b\u044c\u043c.mp4",
            "\u0411\u0415\u0420\u0415\u041c\u0415\u041d\u041d\u042b\u0418\u0306 \u041c\u0423\u0416\u0427\u0418\u041d\u0410 \u0421\u0415\u041b \u041d\u0410 \u041c\u0415\u0421\u0422\u041e\ud83d\ude02 #\u0434\u043e\u0440\u0430\u043c\u0430 (1).mp4",
            "2_\u0441\u0435\u0437\u043e\u043d_\u0432\u044b\u0448\u0435\u043b_\ud83d\udd25_#kdrama_#\u043a\u043e\u0440\u0435\u044f_#\u0434\u043e\u0440\u0430\u043c\u044b.mp4",
            "\u0420\u0410\u0417\u041e\u0411\u041b\u0410\u0427\u0418\u041b \u0417\u0410\u0414\u0418\u0420\u0423\ud83d\ude28 #\u0434\u043e\u0440\u0430\u043c\u0430 #kdrama #dorama.mp4",
            "\u0411\u043e\u043b\u0442\u0443\u043d.mp4"
        ],
        "totalCycles": 1,
        "last_modified": "2025-07-08 23:42:25",
        "lastVideoId": null,
        "last_activity": "2025-07-08T20:42:26.216Z"
    },
    "5095993132": {
        "user_id": "5095993132",
        "username": "user_5095993132",
        "first_name": "\u0432\u0435\u0440\u0430",
        "last_name": "\u0430\u0440\u0445\u0438\u043f\u043e\u0432\u0430",
        "language_code": "ru",
        "is_premium": false,
        "first_login": "2025-06-16 18:51:51",
        "last_login": "2025-06-16 18:56:45",
        "sessions": [
            {
                "session_id": "8eb2cb1766dc5b2d8980c8babfff5684",
                "login_time": "2025-06-16 18:51:51",
                "logout_time": null,
                "duration_seconds": 210,
                "last_activity": "2025-06-16T15:55:21.670Z"
            },
            {
                "session_id": "6a383c94eaed08b290fdb06d875b8c71",
                "login_time": "2025-06-16 18:55:37",
                "logout_time": null,
                "duration_seconds": 49,
                "last_activity": "2025-06-16T15:56:26.889Z"
            },
            {
                "session_id": "0861a9921ff3399e2018ed0a365f511c",
                "login_time": "2025-06-16 18:56:45",
                "logout_time": null,
                "duration_seconds": 60,
                "last_activity": "2025-06-16T15:57:45.154Z"
            }
        ],
        "favorites": [],
        "likes": [
            "2_\u0441\u0435\u0437\u043e\u043d_\u0432\u044b\u0448\u0435\u043b_\ud83d\udd25_#kdrama_#\u043a\u043e\u0440\u0435\u044f_#\u0434\u043e\u0440\u0430\u043c\u044b.mp4"
        ],
        "dislikes": [],
        "watchedVideos": [
            "\u041d\u043e\u0432\u0438\u043d\u043a\u0430 \ud83d\udc97 #\u043a\u043e\u0440\u0435\u044f #kdrama #\u0434\u043e\u0440\u0430\u043c\u0430.mp4"
        ],
        "watchProgress": {
            "\u041d\u043e\u0432\u0438\u043d\u043a\u0430 \ud83d\udc97 #\u043a\u043e\u0440\u0435\u044f #kdrama #\u0434\u043e\u0440\u0430\u043c\u0430.mp4": {
                "watchedAt": "2025-06-16 18:57:48",
                "duration": 5
            }
        },
        "currentSessionOrder": [
            "\u0441\u043e\u0432\u0440\u0430\u043b_\u0441\u044b\u043d\u0443,_\u0447\u0442\u043e_\u043d\u0435_\u0437\u043d\u0430\u043b_\u043e_\u043d\u0435\u043c_#gangermans_#\u0434\u043e\u0440\u0430\u043c\u0430_#\u0441\u0435\u0440\u0438\u0430\u043b_#\u0444\u0438\u043b\u044c\u043c.mp4",
            "\u041d\u043e\u0432\u0438\u043d\u043a\u0430 \ud83d\udc97 #\u043a\u043e\u0440\u0435\u044f #kdrama #\u0434\u043e\u0440\u0430\u043c\u0430.mp4",
            "1\u041d\u0430\u0441\u043b\u0435\u0434\u043d\u0438\u043a_\u0442\u044f\u0436\u0435\u043b\u043e_\u0431\u043e\u043b\u0435\u043d\ud83e\udd12_#\u043a\u043e\u0440\u0435\u044f_#\u0434\u043e\u0440\u0430\u043c\u0430_#\u0434\u043e\u0440\u0430\u043c\u044b_#\u043a\u043e\u0440\u043e\u043b\u0435\u0432\u0430\u0432\u043e\u043d\u0433\u0435\u0308\u043d.mp4",
            "2_\u0441\u0435\u0437\u043e\u043d_\u0432\u044b\u0448\u0435\u043b_\ud83d\udd25_#kdrama_#\u043a\u043e\u0440\u0435\u044f_#\u0434\u043e\u0440\u0430\u043c\u044b.mp4",
            "\ud83d\ude02 \u041a\u043e\u0433\u0434\u0430 \ud83d\udc4c \u043f\u0440\u0435\u043f\u043e\u0434 \u043d\u0435 \u0441\u043c\u043e\u0433 \u0437\u0430\u0432\u0430\u043b\u0438\u0442\u044c \u043d\u0430 \u042d\u043a\u0437\u0430\u043c\u0435\u043d\u0435 \ud83d\udc9e \u0414\u043e\u0440\u0430\u043c\u0430 \u0412\u0438\u043d\u0447\u0435\u043d\u0446\u043e.mp4",
            "\u0411\u0415\u0420\u0415\u041c\u0415\u041d\u041d\u042b\u0418\u0306 \u041c\u0423\u0416\u0427\u0418\u041d\u0410 \u0421\u0415\u041b \u041d\u0410 \u041c\u0415\u0421\u0422\u041e\ud83d\ude02 #\u0434\u043e\u0440\u0430\u043c\u0430.mp4",
            "\u0441\u043e\u0432\u0435\u0442\u0443\u044e_\u0432\u0430\u043c_\u044d\u0442\u0443_\u0434\u043e\u0440\u0430\u043c\u0443_\ud83d\udc93_#\u043a\u043e\u0440\u0435\u044f_#kdrama_#\u0434\u043e\u0440\u0430\u043c\u0430.mp4"
        ],
        "totalCycles": 2,
        "last_modified": "2025-06-16 18:57:48",
        "lastVideoId": null,
        "last_activity": "2025-06-16T15:57:45.154Z"
    },
    "710332614": {
        "user_id": "710332614",
        "username": "lyubaarc",
        "first_name": "\u041b\u044e\u0431\u0430",
        "last_name": "",
        "language_code": "ru",
        "is_premium": false,
        "first_login": "2025-06-16 18:55:56",
        "last_login": "2025-06-16 18:55:56",
        "sessions": [
            {
                "session_id": "1a89e74d63cd24b00d6a5574a839d1aa",
                "login_time": "2025-06-16 18:55:56",
                "logout_time": null,
                "duration_seconds": 211,
                "last_activity": "2025-06-16T15:59:27.104Z"
            }
        ],
        "favorites": [
            "\ud83d\ude02 \u041a\u043e\u0433\u0434\u0430 \ud83d\udc4c \u043f\u0440\u0435\u043f\u043e\u0434 \u043d\u0435 \u0441\u043c\u043e\u0433 \u0437\u0430\u0432\u0430\u043b\u0438\u0442\u044c \u043d\u0430 \u042d\u043a\u0437\u0430\u043c\u0435\u043d\u0435 \ud83d\udc9e \u0414\u043e\u0440\u0430\u043c\u0430 \u0412\u0438\u043d\u0447\u0435\u043d\u0446\u043e.mp4",
            "\u0441\u043e\u0432\u0440\u0430\u043b_\u0441\u044b\u043d\u0443,_\u0447\u0442\u043e_\u043d\u0435_\u0437\u043d\u0430\u043b_\u043e_\u043d\u0435\u043c_#gangermans_#\u0434\u043e\u0440\u0430\u043c\u0430_#\u0441\u0435\u0440\u0438\u0430\u043b_#\u0444\u0438\u043b\u044c\u043c.mp4",
            "2_\u0441\u0435\u0437\u043e\u043d_\u0432\u044b\u0448\u0435\u043b_\ud83d\udd25_#kdrama_#\u043a\u043e\u0440\u0435\u044f_#\u0434\u043e\u0440\u0430\u043c\u044b.mp4",
            "\u0441\u043e\u0432\u0435\u0442\u0443\u044e_\u0432\u0430\u043c_\u044d\u0442\u0443_\u0434\u043e\u0440\u0430\u043c\u0443_\ud83d\udc93_#\u043a\u043e\u0440\u0435\u044f_#kdrama_#\u0434\u043e\u0440\u0430\u043c\u0430.mp4",
            "1\u041d\u0430\u0441\u043b\u0435\u0434\u043d\u0438\u043a_\u0442\u044f\u0436\u0435\u043b\u043e_\u0431\u043e\u043b\u0435\u043d\ud83e\udd12_#\u043a\u043e\u0440\u0435\u044f_#\u0434\u043e\u0440\u0430\u043c\u0430_#\u0434\u043e\u0440\u0430\u043c\u044b_#\u043a\u043e\u0440\u043e\u043b\u0435\u0432\u0430\u0432\u043e\u043d\u0433\u0435\u0308\u043d.mp4",
            "\u0411\u0415\u0420\u0415\u041c\u0415\u041d\u041d\u042b\u0418\u0306 \u041c\u0423\u0416\u0427\u0418\u041d\u0410 \u0421\u0415\u041b \u041d\u0410 \u041c\u0415\u0421\u0422\u041e\ud83d\ude02 #\u0434\u043e\u0440\u0430\u043c\u0430.mp4"
        ],
        "likes": [],
        "dislikes": [],
        "watchedVideos": [],
        "watchProgress": [],
        "currentSessionOrder": [
            "\u0441\u043e\u0432\u0435\u0442\u0443\u044e_\u0432\u0430\u043c_\u044d\u0442\u0443_\u0434\u043e\u0440\u0430\u043c\u0443_\ud83d\udc93_#\u043a\u043e\u0440\u0435\u044f_#kdrama_#\u0434\u043e\u0440\u0430\u043c\u0430.mp4",
            "2_\u0441\u0435\u0437\u043e\u043d_\u0432\u044b\u0448\u0435\u043b_\ud83d\udd25_#kdrama_#\u043a\u043e\u0440\u0435\u044f_#\u0434\u043e\u0440\u0430\u043c\u044b.mp4",
            "\u0411\u0415\u0420\u0415\u041c\u0415\u041d\u041d\u042b\u0418\u0306 \u041c\u0423\u0416\u0427\u0418\u041d\u0410 \u0421\u0415\u041b \u041d\u0410 \u041c\u0415\u0421\u0422\u041e\ud83d\ude02 #\u0434\u043e\u0440\u0430\u043c\u0430.mp4",
            "\ud83d\ude02 \u041a\u043e\u0433\u0434\u0430 \ud83d\udc4c \u043f\u0440\u0435\u043f\u043e\u0434 \u043d\u0435 \u0441\u043c\u043e\u0433 \u0437\u0430\u0432\u0430\u043b\u0438\u0442\u044c \u043d\u0430 \u042d\u043a\u0437\u0430\u043c\u0435\u043d\u0435 \ud83d\udc9e \u0414\u043e\u0440\u0430\u043c\u0430 \u0412\u0438\u043d\u0447\u0435\u043d\u0446\u043e.mp4",
            "1\u041d\u0430\u0441\u043b\u0435\u0434\u043d\u0438\u043a_\u0442\u044f\u0436\u0435\u043b\u043e_\u0431\u043e\u043b\u0435\u043d\ud83e\udd12_#\u043a\u043e\u0440\u0435\u044f_#\u0434\u043e\u0440\u0430\u043c\u0430_#\u0434\u043e\u0440\u0430\u043c\u044b_#\u043a\u043e\u0440\u043e\u043b\u0435\u0432\u0430\u0432\u043e\u043d\u0433\u0435\u0308\u043d.mp4",
            "\u041d\u043e\u0432\u0438\u043d\u043a\u0430 \ud83d\udc97 #\u043a\u043e\u0440\u0435\u044f #kdrama #\u0434\u043e\u0440\u0430\u043c\u0430.mp4",
            "\u0441\u043e\u0432\u0440\u0430\u043b_\u0441\u044b\u043d\u0443,_\u0447\u0442\u043e_\u043d\u0435_\u0437\u043d\u0430\u043b_\u043e_\u043d\u0435\u043c_#gangermans_#\u0434\u043e\u0440\u0430\u043c\u0430_#\u0441\u0435\u0440\u0438\u0430\u043b_#\u0444\u0438\u043b\u044c\u043c.mp4"
        ],
        "totalCycles": 1,
        "last_modified": "2025-06-16 18:59:22",
        "last_activity": "2025-06-16T15:59:27.104Z",
        "lastVideoId": null
    },
    "690826341": {
        "user_id": "690826341",
        "username": "Yakad",
        "first_name": "\u0414\u043c\u0438\u0442\u0440\u0438\u0439",
        "last_name": "\u042f\u043a\u043e\u0432\u043b\u0435\u0432",
        "language_code": "ru",
        "is_premium": true,
        "first_login": "2025-06-22 00:14:50",
        "last_login": "2025-06-22 00:14:50",
        "sessions": [
            {
                "session_id": "0fe3fe771a59d055a0d28e2e96d7d702",
                "login_time": "2025-06-22 00:14:50",
                "logout_time": "2025-06-22 00:15:45",
                "duration_seconds": 55,
                "last_activity": "2025-06-21T21:15:38.975Z"
            }
        ],
        "favorites": [],
        "likes": [
            "\u041d\u043e\u0432\u0438\u043d\u043a\u0430 \ud83d\udc97 #\u043a\u043e\u0440\u0435\u044f #kdrama #\u0434\u043e\u0440\u0430\u043c\u0430.mp4"
        ],
        "dislikes": [],
        "watchedVideos": [
            "\u041d\u043e\u0432\u0438\u043d\u043a\u0430 \ud83d\udc97 #\u043a\u043e\u0440\u0435\u044f #kdrama #\u0434\u043e\u0440\u0430\u043c\u0430.mp4",
            "\u0420\u0410\u0417\u041e\u0411\u041b\u0410\u0427\u0418\u041b \u0417\u0410\u0414\u0418\u0420\u0423\ud83d\ude28 #\u0434\u043e\u0440\u0430\u043c\u0430 #kdrama #dorama.mp4",
            "\u0441\u043e\u0432\u0435\u0442\u0443\u044e_\u0432\u0430\u043c_\u044d\u0442\u0443_\u0434\u043e\u0440\u0430\u043c\u0443_\ud83d\udc93_#\u043a\u043e\u0440\u0435\u044f_#kdrama_#\u0434\u043e\u0440\u0430\u043c\u0430.mp4"
        ],
        "watchProgress": {
            "\u041d\u043e\u0432\u0438\u043d\u043a\u0430 \ud83d\udc97 #\u043a\u043e\u0440\u0435\u044f #kdrama #\u0434\u043e\u0440\u0430\u043c\u0430.mp4": {
                "watchedAt": "2025-06-22 00:15:14",
                "duration": 5
            },
            "\u0420\u0410\u0417\u041e\u0411\u041b\u0410\u0427\u0418\u041b \u0417\u0410\u0414\u0418\u0420\u0423\ud83d\ude28 #\u0434\u043e\u0440\u0430\u043c\u0430 #kdrama #dorama.mp4": {
                "watchedAt": "2025-06-22 00:15:21",
                "duration": 5
            },
            "\u0441\u043e\u0432\u0435\u0442\u0443\u044e_\u0432\u0430\u043c_\u044d\u0442\u0443_\u0434\u043e\u0440\u0430\u043c\u0443_\ud83d\udc93_#\u043a\u043e\u0440\u0435\u044f_#kdrama_#\u0434\u043e\u0440\u0430\u043c\u0430.mp4": {
                "watchedAt": "2025-06-22 00:15:44",
                "duration": 5
            }
        },
        "currentSessionOrder": [
            "2_\u0441\u0435\u0437\u043e\u043d_\u0432\u044b\u0448\u0435\u043b_\ud83d\udd25_#kdrama_#\u043a\u043e\u0440\u0435\u044f_#\u0434\u043e\u0440\u0430\u043c\u044b.mp4",
            "\u0411\u043e\u043b\u0442\u0443\u043d.mp4",
            "\u041d\u043e\u0432\u0438\u043d\u043a\u0430 \ud83d\udc97 #\u043a\u043e\u0440\u0435\u044f #kdrama #\u0434\u043e\u0440\u0430\u043c\u0430.mp4",
            "\u0420\u0410\u0417\u041e\u0411\u041b\u0410\u0427\u0418\u041b \u0417\u0410\u0414\u0418\u0420\u0423\ud83d\ude28 #\u0434\u043e\u0440\u0430\u043c\u0430 #kdrama #dorama.mp4",
            "1\u041d\u0430\u0441\u043b\u0435\u0434\u043d\u0438\u043a_\u0442\u044f\u0436\u0435\u043b\u043e_\u0431\u043e\u043b\u0435\u043d\ud83e\udd12_#\u043a\u043e\u0440\u0435\u044f_#\u0434\u043e\u0440\u0430\u043c\u0430_#\u0434\u043e\u0440\u0430\u043c\u044b_#\u043a\u043e\u0440\u043e\u043b\u0435\u0432\u0430\u0432\u043e\u043d\u0433\u0435\u0308\u043d.mp4",
            "\u0441\u043e\u0432\u0435\u0442\u0443\u044e_\u0432\u0430\u043c_\u044d\u0442\u0443_\u0434\u043e\u0440\u0430\u043c\u0443_\ud83d\udc93_#\u043a\u043e\u0440\u0435\u044f_#kdrama_#\u0434\u043e\u0440\u0430\u043c\u0430.mp4",
            "\u0411\u0415\u0420\u0415\u041c\u0415\u041d\u041d\u042b\u0418\u0306 \u041c\u0423\u0416\u0427\u0418\u041d\u0410 \u0421\u0415\u041b \u041d\u0410 \u041c\u0415\u0421\u0422\u041e\ud83d\ude02 #\u0434\u043e\u0440\u0430\u043c\u0430 (1).mp4",
            "\u0441\u043e\u0432\u0440\u0430\u043b_\u0441\u044b\u043d\u0443,_\u0447\u0442\u043e_\u043d\u0435_\u0437\u043d\u0430\u043b_\u043e_\u043d\u0435\u043c_#gangermans_#\u0434\u043e\u0440\u0430\u043c\u0430_#\u0441\u0435\u0440\u0438\u0430\u043b_#\u0444\u0438\u043b\u044c\u043c.mp4",
            "\ud83d\ude02 \u041a\u043e\u0433\u0434\u0430 \ud83d\udc4c \u043f\u0440\u0435\u043f\u043e\u0434 \u043d\u0435 \u0441\u043c\u043e\u0433 \u0437\u0430\u0432\u0430\u043b\u0438\u0442\u044c \u043d\u0430 \u042d\u043a\u0437\u0430\u043c\u0435\u043d\u0435 \ud83d\udc9e \u0414\u043e\u0440\u0430\u043c\u0430 \u0412\u0438\u043d\u0447\u0435\u043d\u0446\u043e.mp4"
        ],
        "totalCycles": 0,
        "last_modified": "2025-06-22 00:15:45",
        "last_activity": "2025-06-21T21:15:38.975Z",
        "lastVideoId": "\u0441\u043e\u0432\u0435\u0442\u0443\u044e_\u0432\u0430\u043c_\u044d\u0442\u0443_\u0434\u043e\u0440\u0430\u043c\u0443_\ud83d\udc93_#\u043a\u043e\u0440\u0435\u044f_#kdrama_#\u0434\u043e\u0440\u0430\u043c\u0430.mp4"
    },
    "590563384": {
        "user_id": "590563384",
        "username": "zilante",
        "first_name": "Salavat",
        "last_name": "Idrisov",
        "language_code": "en",
        "is_premium": false,
        "first_login": "2025-07-03 22:20:31",
        "last_login": "2025-07-24 23:00:35",
        "sessions": [
            {
                "session_id": "685b31e40c87a28cdeaf0e9a5d1d9bce",
                "login_time": "2025-07-03 22:20:31",
                "logout_time": null,
                "duration_seconds": 100,
                "last_activity": "2025-07-03T19:22:11.491Z"
            },
            {
                "session_id": "0b13309b0dec95d3688f0b83e1d48b13",
                "login_time": "2025-07-24 22:44:40",
                "logout_time": null,
                "duration_seconds": 130,
                "last_activity": "2025-07-24T19:46:50.514Z"
            },
            {
                "session_id": "5ecaef220a1fea6b8a4ad43632bc4033",
                "login_time": "2025-07-24 22:52:09",
                "logout_time": null,
                "duration_seconds": 310,
                "last_activity": "2025-07-24T19:57:19.591Z"
            },
            {
                "session_id": "b902cd98bbcac302e471dfe8fbcd05a1",
                "login_time": "2025-07-24 23:00:35",
                "logout_time": null,
                "duration_seconds": 1606,
                "last_activity": "2025-07-24T20:27:21.439Z"
            }
        ],
        "favorites": [
            "1\u041d\u0430\u0441\u043b\u0435\u0434\u043d\u0438\u043a_\u0442\u044f\u0436\u0435\u043b\u043e_\u0431\u043e\u043b\u0435\u043d\ud83e\udd12_#\u043a\u043e\u0440\u0435\u044f_#\u0434\u043e\u0440\u0430\u043c\u0430_#\u0434\u043e\u0440\u0430\u043c\u044b_#\u043a\u043e\u0440\u043e\u043b\u0435\u0432\u0430\u0432\u043e\u043d\u0433\u0435\u0308\u043d.mp4"
        ],
        "likes": [
            "1\u041d\u0430\u0441\u043b\u0435\u0434\u043d\u0438\u043a_\u0442\u044f\u0436\u0435\u043b\u043e_\u0431\u043e\u043b\u0435\u043d\ud83e\udd12_#\u043a\u043e\u0440\u0435\u044f_#\u0434\u043e\u0440\u0430\u043c\u0430_#\u0434\u043e\u0440\u0430\u043c\u044b_#\u043a\u043e\u0440\u043e\u043b\u0435\u0432\u0430\u0432\u043e\u043d\u0433\u0435\u0308\u043d.mp4"
        ],
        "dislikes": [
            "\u0420\u0410\u0417\u041e\u0411\u041b\u0410\u0427\u0418\u041b \u0417\u0410\u0414\u0418\u0420\u0423\ud83d\ude28 #\u0434\u043e\u0440\u0430\u043c\u0430 #kdrama #dorama.mp4"
        ],
        "watchedVideos": [],
        "watchProgress": [],
        "currentSessionOrder": [
            "\u0411\u0415\u0420\u0415\u041c\u0415\u041d\u041d\u042b\u0418\u0306 \u041c\u0423\u0416\u0427\u0418\u041d\u0410 \u0421\u0415\u041b \u041d\u0410 \u041c\u0415\u0421\u0422\u041e\ud83d\ude02 #\u0434\u043e\u0440\u0430\u043c\u0430 (1).mp4",
            "\u0441\u043e\u0432\u0435\u0442\u0443\u044e_\u0432\u0430\u043c_\u044d\u0442\u0443_\u0434\u043e\u0440\u0430\u043c\u0443_\ud83d\udc93_#\u043a\u043e\u0440\u0435\u044f_#kdrama_#\u0434\u043e\u0440\u0430\u043c\u0430.mp4",
            "\u0420\u0410\u0417\u041e\u0411\u041b\u0410\u0427\u0418\u041b \u0417\u0410\u0414\u0418\u0420\u0423\ud83d\ude28 #\u0434\u043e\u0440\u0430\u043c\u0430 #kdrama #dorama.mp4",
            "\u0441\u043e\u0432\u0440\u0430\u043b_\u0441\u044b\u043d\u0443,_\u0447\u0442\u043e_\u043d\u0435_\u0437\u043d\u0430\u043b_\u043e_\u043d\u0435\u043c_#gangermans_#\u0434\u043e\u0440\u0430\u043c\u0430_#\u0441\u0435\u0440\u0438\u0430\u043b_#\u0444\u0438\u043b\u044c\u043c.mp4",
            "\ud83d\ude02 \u041a\u043e\u0433\u0434\u0430 \ud83d\udc4c \u043f\u0440\u0435\u043f\u043e\u0434 \u043d\u0435 \u0441\u043c\u043e\u0433 \u0437\u0430\u0432\u0430\u043b\u0438\u0442\u044c \u043d\u0430 \u042d\u043a\u0437\u0430\u043c\u0435\u043d\u0435 \ud83d\udc9e \u0414\u043e\u0440\u0430\u043c\u0430 \u0412\u0438\u043d\u0447\u0435\u043d\u0446\u043e.mp4",
            "1\u041d\u0430\u0441\u043b\u0435\u0434\u043d\u0438\u043a_\u0442\u044f\u0436\u0435\u043b\u043e_\u0431\u043e\u043b\u0435\u043d\ud83e\udd12_#\u043a\u043e\u0440\u0435\u044f_#\u0434\u043e\u0440\u0430\u043c\u0430_#\u0434\u043e\u0440\u0430\u043c\u044b_#\u043a\u043e\u0440\u043e\u043b\u0435\u0432\u0430\u0432\u043e\u043d\u0433\u0435\u0308\u043d.mp4",
            "2_\u0441\u0435\u0437\u043e\u043d_\u0432\u044b\u0448\u0435\u043b_\ud83d\udd25_#kdrama_#\u043a\u043e\u0440\u0435\u044f_#\u0434\u043e\u0440\u0430\u043c\u044b.mp4",
            "\u0411\u043e\u043b\u0442\u0443\u043d.mp4",
            "\u041d\u043e\u0432\u0438\u043d\u043a\u0430 \ud83d\udc97 #\u043a\u043e\u0440\u0435\u044f #kdrama #\u0434\u043e\u0440\u0430\u043c\u0430.mp4"
        ],
        "totalCycles": 2,
        "last_modified": "2025-07-24 23:01:36",
        "last_activity": "2025-07-24T20:27:21.439Z",
        "lastVideoId": "\u0411\u0415\u0420\u0415\u041c\u0415\u041d\u041d\u042b\u0418\u0306 \u041c\u0423\u0416\u0427\u0418\u041d\u0410 \u0421\u0415\u041b \u041d\u0410 \u041c\u0415\u0421\u0422\u041e\ud83d\ude02 #\u0434\u043e\u0440\u0430\u043c\u0430 (1).mp4"
    },
    "5254391228": {
        "user_id": "5254391228",
        "username": "grudjz",
        "first_name": "Guzel",
        "last_name": "",
        "language_code": "ru",
        "is_premium": false,
        "first_login": "2025-07-08 13:41:59",
        "last_login": "2025-07-08 13:44:49",
        "sessions": [
            {
                "session_id": "eba73d264fb6280779a2d66e85e7c8f3",
                "login_time": "2025-07-08 13:41:59",
                "logout_time": null,
                "duration_seconds": 60,
                "last_activity": "2025-07-08T10:42:59.105Z"
            },
            {
                "session_id": "f2d3fe2ae78470b161a2b4d08546a7dd",
                "login_time": "2025-07-08 13:44:49",
                "logout_time": null,
                "duration_seconds": 20,
                "last_activity": "2025-07-08T10:45:09.356Z"
            }
        ],
        "favorites": [],
        "likes": [],
        "dislikes": [],
        "watchedVideos": [
            "\u0441\u043e\u0432\u0440\u0430\u043b_\u0441\u044b\u043d\u0443,_\u0447\u0442\u043e_\u043d\u0435_\u0437\u043d\u0430\u043b_\u043e_\u043d\u0435\u043c_#gangermans_#\u0434\u043e\u0440\u0430\u043c\u0430_#\u0441\u0435\u0440\u0438\u0430\u043b_#\u0444\u0438\u043b\u044c\u043c.mp4",
            "\ud83d\ude02 \u041a\u043e\u0433\u0434\u0430 \ud83d\udc4c \u043f\u0440\u0435\u043f\u043e\u0434 \u043d\u0435 \u0441\u043c\u043e\u0433 \u0437\u0430\u0432\u0430\u043b\u0438\u0442\u044c \u043d\u0430 \u042d\u043a\u0437\u0430\u043c\u0435\u043d\u0435 \ud83d\udc9e \u0414\u043e\u0440\u0430\u043c\u0430 \u0412\u0438\u043d\u0447\u0435\u043d\u0446\u043e.mp4"
        ],
        "watchProgress": {
            "\u0441\u043e\u0432\u0440\u0430\u043b_\u0441\u044b\u043d\u0443,_\u0447\u0442\u043e_\u043d\u0435_\u0437\u043d\u0430\u043b_\u043e_\u043d\u0435\u043c_#gangermans_#\u0434\u043e\u0440\u0430\u043c\u0430_#\u0441\u0435\u0440\u0438\u0430\u043b_#\u0444\u0438\u043b\u044c\u043c.mp4": {
                "watchedAt": "2025-07-08 13:42:07",
                "duration": 5
            },
            "\ud83d\ude02 \u041a\u043e\u0433\u0434\u0430 \ud83d\udc4c \u043f\u0440\u0435\u043f\u043e\u0434 \u043d\u0435 \u0441\u043c\u043e\u0433 \u0437\u0430\u0432\u0430\u043b\u0438\u0442\u044c \u043d\u0430 \u042d\u043a\u0437\u0430\u043c\u0435\u043d\u0435 \ud83d\udc9e \u0414\u043e\u0440\u0430\u043c\u0430 \u0412\u0438\u043d\u0447\u0435\u043d\u0446\u043e.mp4": {
                "watchedAt": "2025-07-08 13:42:32",
                "duration": 5
            }
        },
        "currentSessionOrder": [
            "\u0441\u043e\u0432\u0440\u0430\u043b_\u0441\u044b\u043d\u0443,_\u0447\u0442\u043e_\u043d\u0435_\u0437\u043d\u0430\u043b_\u043e_\u043d\u0435\u043c_#gangermans_#\u0434\u043e\u0440\u0430\u043c\u0430_#\u0441\u0435\u0440\u0438\u0430\u043b_#\u0444\u0438\u043b\u044c\u043c.mp4",
            "2_\u0441\u0435\u0437\u043e\u043d_\u0432\u044b\u0448\u0435\u043b_\ud83d\udd25_#kdrama_#\u043a\u043e\u0440\u0435\u044f_#\u0434\u043e\u0440\u0430\u043c\u044b.mp4",
            "\ud83d\ude02 \u041a\u043e\u0433\u0434\u0430 \ud83d\udc4c \u043f\u0440\u0435\u043f\u043e\u0434 \u043d\u0435 \u0441\u043c\u043e\u0433 \u0437\u0430\u0432\u0430\u043b\u0438\u0442\u044c \u043d\u0430 \u042d\u043a\u0437\u0430\u043c\u0435\u043d\u0435 \ud83d\udc9e \u0414\u043e\u0440\u0430\u043c\u0430 \u0412\u0438\u043d\u0447\u0435\u043d\u0446\u043e.mp4",
            "1\u041d\u0430\u0441\u043b\u0435\u0434\u043d\u0438\u043a_\u0442\u044f\u0436\u0435\u043b\u043e_\u0431\u043e\u043b\u0435\u043d\ud83e\udd12_#\u043a\u043e\u0440\u0435\u044f_#\u0434\u043e\u0440\u0430\u043c\u0430_#\u0434\u043e\u0440\u0430\u043c\u044b_#\u043a\u043e\u0440\u043e\u043b\u0435\u0432\u0430\u0432\u043e\u043d\u0433\u0435\u0308\u043d.mp4",
            "\u0420\u0410\u0417\u041e\u0411\u041b\u0410\u0427\u0418\u041b \u0417\u0410\u0414\u0418\u0420\u0423\ud83d\ude28 #\u0434\u043e\u0440\u0430\u043c\u0430 #kdrama #dorama.mp4",
            "\u041d\u043e\u0432\u0438\u043d\u043a\u0430 \ud83d\udc97 #\u043a\u043e\u0440\u0435\u044f #kdrama #\u0434\u043e\u0440\u0430\u043c\u0430.mp4",
            "\u0411\u043e\u043b\u0442\u0443\u043d.mp4",
            "\u0441\u043e\u0432\u0435\u0442\u0443\u044e_\u0432\u0430\u043c_\u044d\u0442\u0443_\u0434\u043e\u0440\u0430\u043c\u0443_\ud83d\udc93_#\u043a\u043e\u0440\u0435\u044f_#kdrama_#\u0434\u043e\u0440\u0430\u043c\u0430.mp4",
            "\u0411\u0415\u0420\u0415\u041c\u0415\u041d\u041d\u042b\u0418\u0306 \u041c\u0423\u0416\u0427\u0418\u041d\u0410 \u0421\u0415\u041b \u041d\u0410 \u041c\u0415\u0421\u0422\u041e\ud83d\ude02 #\u0434\u043e\u0440\u0430\u043c\u0430 (1).mp4"
        ],
        "totalCycles": 0,
        "last_modified": "2025-07-08 13:45:11",
        "last_activity": "2025-07-08T10:45:09.356Z",
        "lastVideoId": "\u0420\u0410\u0417\u041e\u0411\u041b\u0410\u0427\u0418\u041b \u0417\u0410\u0414\u0418\u0420\u0423\ud83d\ude28 #\u0434\u043e\u0440\u0430\u043c\u0430 #kdrama #dorama.mp4"
    },
    "529590408": {
        "user_id": "529590408",
        "username": "yourrozya",
        "first_name": "\u0420\u043e\u0437\u0430\u043b\u0438\u043d\u0430",
        "last_name": "",
        "language_code": "ru",
        "is_premium": true,
        "first_login": "2025-07-08 15:09:15",
        "last_login": "2025-07-08 15:09:15",
        "sessions": [
            {
                "session_id": "b0471a8e37a573783c6fad6c1403f64c",
                "login_time": "2025-07-08 15:09:15",
                "logout_time": null,
                "duration_seconds": 40,
                "last_activity": "2025-07-08T12:09:55.731Z"
            }
        ],
        "favorites": [],
        "likes": [],
        "dislikes": [],
        "watchedVideos": [],
        "watchProgress": [],
        "currentSessionOrder": [
            "\u041d\u043e\u0432\u0438\u043d\u043a\u0430 \ud83d\udc97 #\u043a\u043e\u0440\u0435\u044f #kdrama #\u0434\u043e\u0440\u0430\u043c\u0430.mp4",
            "\u0441\u043e\u0432\u0435\u0442\u0443\u044e_\u0432\u0430\u043c_\u044d\u0442\u0443_\u0434\u043e\u0440\u0430\u043c\u0443_\ud83d\udc93_#\u043a\u043e\u0440\u0435\u044f_#kdrama_#\u0434\u043e\u0440\u0430\u043c\u0430.mp4",
            "\u0420\u0410\u0417\u041e\u0411\u041b\u0410\u0427\u0418\u041b \u0417\u0410\u0414\u0418\u0420\u0423\ud83d\ude28 #\u0434\u043e\u0440\u0430\u043c\u0430 #kdrama #dorama.mp4",
            "2_\u0441\u0435\u0437\u043e\u043d_\u0432\u044b\u0448\u0435\u043b_\ud83d\udd25_#kdrama_#\u043a\u043e\u0440\u0435\u044f_#\u0434\u043e\u0440\u0430\u043c\u044b.mp4",
            "\u0441\u043e\u0432\u0440\u0430\u043b_\u0441\u044b\u043d\u0443,_\u0447\u0442\u043e_\u043d\u0435_\u0437\u043d\u0430\u043b_\u043e_\u043d\u0435\u043c_#gangermans_#\u0434\u043e\u0440\u0430\u043c\u0430_#\u0441\u0435\u0440\u0438\u0430\u043b_#\u0444\u0438\u043b\u044c\u043c.mp4",
            "\u0411\u043e\u043b\u0442\u0443\u043d.mp4",
            "\u0411\u0415\u0420\u0415\u041c\u0415\u041d\u041d\u042b\u0418\u0306 \u041c\u0423\u0416\u0427\u0418\u041d\u0410 \u0421\u0415\u041b \u041d\u0410 \u041c\u0415\u0421\u0422\u041e\ud83d\ude02 #\u0434\u043e\u0440\u0430\u043c\u0430 (1).mp4",
            "\ud83d\ude02 \u041a\u043e\u0433\u0434\u0430 \ud83d\udc4c \u043f\u0440\u0435\u043f\u043e\u0434 \u043d\u0435 \u0441\u043c\u043e\u0433 \u0437\u0430\u0432\u0430\u043b\u0438\u0442\u044c \u043d\u0430 \u042d\u043a\u0437\u0430\u043c\u0435\u043d\u0435 \ud83d\udc9e \u0414\u043e\u0440\u0430\u043c\u0430 \u0412\u0438\u043d\u0447\u0435\u043d\u0446\u043e.mp4",
            "1\u041d\u0430\u0441\u043b\u0435\u0434\u043d\u0438\u043a_\u0442\u044f\u0436\u0435\u043b\u043e_\u0431\u043e\u043b\u0435\u043d\ud83e\udd12_#\u043a\u043e\u0440\u0435\u044f_#\u0434\u043e\u0440\u0430\u043c\u0430_#\u0434\u043e\u0440\u0430\u043c\u044b_#\u043a\u043e\u0440\u043e\u043b\u0435\u0432\u0430\u0432\u043e\u043d\u0433\u0435\u0308\u043d.mp4"
        ],
        "totalCycles": 0,
        "last_modified": "2025-07-08 15:09:35",
        "last_activity": "2025-07-08T12:09:55.731Z",
        "lastVideoId": "\u0420\u0410\u0417\u041e\u0411\u041b\u0410\u0427\u0418\u041b \u0417\u0410\u0414\u0418\u0420\u0423\ud83d\ude28 #\u0434\u043e\u0440\u0430\u043c\u0430 #kdrama #dorama.mp4"
    },
    "7162116681": {
        "user_id": "7162116681",
        "username": "legendshay",
        "first_name": "\u0418\u0441\u043a\u0430\u043d\u0434\u0435\u0440",
        "last_name": "",
        "language_code": "ru",
        "is_premium": false,
        "first_login": "2025-07-12 22:57:46",
        "last_login": "2025-07-12 22:57:46",
        "sessions": [
            {
                "session_id": "9a8adfc4ebdac1cba9e18696070e4fb0",
                "login_time": "2025-07-12 22:57:46",
                "logout_time": null,
                "duration_seconds": 111,
                "last_activity": "2025-07-12T19:59:37.003Z"
            }
        ],
        "favorites": [
            "\u0420\u0410\u0417\u041e\u0411\u041b\u0410\u0427\u0418\u041b \u0417\u0410\u0414\u0418\u0420\u0423\ud83d\ude28 #\u0434\u043e\u0440\u0430\u043c\u0430 #kdrama #dorama.mp4"
        ],
        "likes": [
            "\u0411\u0415\u0420\u0415\u041c\u0415\u041d\u041d\u042b\u0418\u0306 \u041c\u0423\u0416\u0427\u0418\u041d\u0410 \u0421\u0415\u041b \u041d\u0410 \u041c\u0415\u0421\u0422\u041e\ud83d\ude02 #\u0434\u043e\u0440\u0430\u043c\u0430 (1).mp4"
        ],
        "dislikes": [],
        "watchedVideos": [],
        "watchProgress": [],
        "currentSessionOrder": [
            "1\u041d\u0430\u0441\u043b\u0435\u0434\u043d\u0438\u043a_\u0442\u044f\u0436\u0435\u043b\u043e_\u0431\u043e\u043b\u0435\u043d\ud83e\udd12_#\u043a\u043e\u0440\u0435\u044f_#\u0434\u043e\u0440\u0430\u043c\u0430_#\u0434\u043e\u0440\u0430\u043c\u044b_#\u043a\u043e\u0440\u043e\u043b\u0435\u0432\u0430\u0432\u043e\u043d\u0433\u0435\u0308\u043d.mp4",
            "\u041d\u043e\u0432\u0438\u043d\u043a\u0430 \ud83d\udc97 #\u043a\u043e\u0440\u0435\u044f #kdrama #\u0434\u043e\u0440\u0430\u043c\u0430.mp4",
            "2_\u0441\u0435\u0437\u043e\u043d_\u0432\u044b\u0448\u0435\u043b_\ud83d\udd25_#kdrama_#\u043a\u043e\u0440\u0435\u044f_#\u0434\u043e\u0440\u0430\u043c\u044b.mp4",
            "\ud83d\ude02 \u041a\u043e\u0433\u0434\u0430 \ud83d\udc4c \u043f\u0440\u0435\u043f\u043e\u0434 \u043d\u0435 \u0441\u043c\u043e\u0433 \u0437\u0430\u0432\u0430\u043b\u0438\u0442\u044c \u043d\u0430 \u042d\u043a\u0437\u0430\u043c\u0435\u043d\u0435 \ud83d\udc9e \u0414\u043e\u0440\u0430\u043c\u0430 \u0412\u0438\u043d\u0447\u0435\u043d\u0446\u043e.mp4",
            "\u0411\u043e\u043b\u0442\u0443\u043d.mp4",
            "\u0420\u0410\u0417\u041e\u0411\u041b\u0410\u0427\u0418\u041b \u0417\u0410\u0414\u0418\u0420\u0423\ud83d\ude28 #\u0434\u043e\u0440\u0430\u043c\u0430 #kdrama #dorama.mp4",
            "\u0411\u0415\u0420\u0415\u041c\u0415\u041d\u041d\u042b\u0418\u0306 \u041c\u0423\u0416\u0427\u0418\u041d\u0410 \u0421\u0415\u041b \u041d\u0410 \u041c\u0415\u0421\u0422\u041e\ud83d\ude02 #\u0434\u043e\u0440\u0430\u043c\u0430 (1).mp4",
            "\u0441\u043e\u0432\u0440\u0430\u043b_\u0441\u044b\u043d\u0443,_\u0447\u0442\u043e_\u043d\u0435_\u0437\u043d\u0430\u043b_\u043e_\u043d\u0435\u043c_#gangermans_#\u0434\u043e\u0440\u0430\u043c\u0430_#\u0441\u0435\u0440\u0438\u0430\u043b_#\u0444\u0438\u043b\u044c\u043c.mp4",
            "\u0441\u043e\u0432\u0435\u0442\u0443\u044e_\u0432\u0430\u043c_\u044d\u0442\u0443_\u0434\u043e\u0440\u0430\u043c\u0443_\ud83d\udc93_#\u043a\u043e\u0440\u0435\u044f_#kdrama_#\u0434\u043e\u0440\u0430\u043c\u0430.mp4"
        ],
        "totalCycles": 1,
        "last_modified": "2025-07-12 22:59:28",
        "last_activity": "2025-07-12T19:59:37.003Z",
        "lastVideoId": null
    },
    "5236607281": {
        "user_id": "5236607281",
        "username": "user_5236607281",
        "first_name": "\u041d\u0443\u0440\u0441\u0438\u044f",
        "last_name": "",
        "language_code": "ru",
        "is_premium": false,
        "first_login": "2025-07-14 19:27:22",
        "last_login": "2025-07-14 19:27:22",
        "sessions": [
            {
                "session_id": "3ac9bc416e9c8d700f39fd5ef73bb9de",
                "login_time": "2025-07-14 19:27:22",
                "logout_time": null,
                "duration_seconds": 1209,
                "last_activity": "2025-07-14T16:47:31.733Z"
            }
        ],
        "favorites": [
            "\u0411\u0415\u0420\u0415\u041c\u0415\u041d\u041d\u042b\u0418\u0306 \u041c\u0423\u0416\u0427\u0418\u041d\u0410 \u0421\u0415\u041b \u041d\u0410 \u041c\u0415\u0421\u0422\u041e\ud83d\ude02 #\u0434\u043e\u0440\u0430\u043c\u0430 (1).mp4",
            "1\u041d\u0430\u0441\u043b\u0435\u0434\u043d\u0438\u043a_\u0442\u044f\u0436\u0435\u043b\u043e_\u0431\u043e\u043b\u0435\u043d\ud83e\udd12_#\u043a\u043e\u0440\u0435\u044f_#\u0434\u043e\u0440\u0430\u043c\u0430_#\u0434\u043e\u0440\u0430\u043c\u044b_#\u043a\u043e\u0440\u043e\u043b\u0435\u0432\u0430\u0432\u043e\u043d\u0433\u0435\u0308\u043d.mp4"
        ],
        "likes": [
            "\u0441\u043e\u0432\u0440\u0430\u043b_\u0441\u044b\u043d\u0443,_\u0447\u0442\u043e_\u043d\u0435_\u0437\u043d\u0430\u043b_\u043e_\u043d\u0435\u043c_#gangermans_#\u0434\u043e\u0440\u0430\u043c\u0430_#\u0441\u0435\u0440\u0438\u0430\u043b_#\u0444\u0438\u043b\u044c\u043c.mp4"
        ],
        "dislikes": [
            "\u0411\u0415\u0420\u0415\u041c\u0415\u041d\u041d\u042b\u0418\u0306 \u041c\u0423\u0416\u0427\u0418\u041d\u0410 \u0421\u0415\u041b \u041d\u0410 \u041c\u0415\u0421\u0422\u041e\ud83d\ude02 #\u0434\u043e\u0440\u0430\u043c\u0430 (1).mp4"
        ],
        "watchedVideos": [
            "\u0441\u043e\u0432\u0440\u0430\u043b_\u0441\u044b\u043d\u0443,_\u0447\u0442\u043e_\u043d\u0435_\u0437\u043d\u0430\u043b_\u043e_\u043d\u0435\u043c_#gangermans_#\u0434\u043e\u0440\u0430\u043c\u0430_#\u0441\u0435\u0440\u0438\u0430\u043b_#\u0444\u0438\u043b\u044c\u043c.mp4",
            "2_\u0441\u0435\u0437\u043e\u043d_\u0432\u044b\u0448\u0435\u043b_\ud83d\udd25_#kdrama_#\u043a\u043e\u0440\u0435\u044f_#\u0434\u043e\u0440\u0430\u043c\u044b.mp4",
            "\ud83d\ude02 \u041a\u043e\u0433\u0434\u0430 \ud83d\udc4c \u043f\u0440\u0435\u043f\u043e\u0434 \u043d\u0435 \u0441\u043c\u043e\u0433 \u0437\u0430\u0432\u0430\u043b\u0438\u0442\u044c \u043d\u0430 \u042d\u043a\u0437\u0430\u043c\u0435\u043d\u0435 \ud83d\udc9e \u0414\u043e\u0440\u0430\u043c\u0430 \u0412\u0438\u043d\u0447\u0435\u043d\u0446\u043e.mp4"
        ],
        "watchProgress": {
            "\u0441\u043e\u0432\u0440\u0430\u043b_\u0441\u044b\u043d\u0443,_\u0447\u0442\u043e_\u043d\u0435_\u0437\u043d\u0430\u043b_\u043e_\u043d\u0435\u043c_#gangermans_#\u0434\u043e\u0440\u0430\u043c\u0430_#\u0441\u0435\u0440\u0438\u0430\u043b_#\u0444\u0438\u043b\u044c\u043c.mp4": {
                "watchedAt": "2025-07-14 19:27:31",
                "duration": 5
            },
            "2_\u0441\u0435\u0437\u043e\u043d_\u0432\u044b\u0448\u0435\u043b_\ud83d\udd25_#kdrama_#\u043a\u043e\u0440\u0435\u044f_#\u0434\u043e\u0440\u0430\u043c\u044b.mp4": {
                "watchedAt": "2025-07-14 19:27:49",
                "duration": 5
            },
            "\ud83d\ude02 \u041a\u043e\u0433\u0434\u0430 \ud83d\udc4c \u043f\u0440\u0435\u043f\u043e\u0434 \u043d\u0435 \u0441\u043c\u043e\u0433 \u0437\u0430\u0432\u0430\u043b\u0438\u0442\u044c \u043d\u0430 \u042d\u043a\u0437\u0430\u043c\u0435\u043d\u0435 \ud83d\udc9e \u0414\u043e\u0440\u0430\u043c\u0430 \u0412\u0438\u043d\u0447\u0435\u043d\u0446\u043e.mp4": {
                "watchedAt": "2025-07-14 19:28:02",
                "duration": 5
            }
        },
        "currentSessionOrder": [
            "\u0441\u043e\u0432\u0440\u0430\u043b_\u0441\u044b\u043d\u0443,_\u0447\u0442\u043e_\u043d\u0435_\u0437\u043d\u0430\u043b_\u043e_\u043d\u0435\u043c_#gangermans_#\u0434\u043e\u0440\u0430\u043c\u0430_#\u0441\u0435\u0440\u0438\u0430\u043b_#\u0444\u0438\u043b\u044c\u043c.mp4",
            "2_\u0441\u0435\u0437\u043e\u043d_\u0432\u044b\u0448\u0435\u043b_\ud83d\udd25_#kdrama_#\u043a\u043e\u0440\u0435\u044f_#\u0434\u043e\u0440\u0430\u043c\u044b.mp4",
            "\ud83d\ude02 \u041a\u043e\u0433\u0434\u0430 \ud83d\udc4c \u043f\u0440\u0435\u043f\u043e\u0434 \u043d\u0435 \u0441\u043c\u043e\u0433 \u0437\u0430\u0432\u0430\u043b\u0438\u0442\u044c \u043d\u0430 \u042d\u043a\u0437\u0430\u043c\u0435\u043d\u0435 \ud83d\udc9e \u0414\u043e\u0440\u0430\u043c\u0430 \u0412\u0438\u043d\u0447\u0435\u043d\u0446\u043e.mp4",
            "\u0411\u0415\u0420\u0415\u041c\u0415\u041d\u041d\u042b\u0418\u0306 \u041c\u0423\u0416\u0427\u0418\u041d\u0410 \u0421\u0415\u041b \u041d\u0410 \u041c\u0415\u0421\u0422\u041e\ud83d\ude02 #\u0434\u043e\u0440\u0430\u043c\u0430 (1).mp4",
            "1\u041d\u0430\u0441\u043b\u0435\u0434\u043d\u0438\u043a_\u0442\u044f\u0436\u0435\u043b\u043e_\u0431\u043e\u043b\u0435\u043d\ud83e\udd12_#\u043a\u043e\u0440\u0435\u044f_#\u0434\u043e\u0440\u0430\u043c\u0430_#\u0434\u043e\u0440\u0430\u043c\u044b_#\u043a\u043e\u0440\u043e\u043b\u0435\u0432\u0430\u0432\u043e\u043d\u0433\u0435\u0308\u043d.mp4",
            "\u041d\u043e\u0432\u0438\u043d\u043a\u0430 \ud83d\udc97 #\u043a\u043e\u0440\u0435\u044f #kdrama #\u0434\u043e\u0440\u0430\u043c\u0430.mp4",
            "\u0441\u043e\u0432\u0435\u0442\u0443\u044e_\u0432\u0430\u043c_\u044d\u0442\u0443_\u0434\u043e\u0440\u0430\u043c\u0443_\ud83d\udc93_#\u043a\u043e\u0440\u0435\u044f_#kdrama_#\u0434\u043e\u0440\u0430\u043c\u0430.mp4",
            "\u0420\u0410\u0417\u041e\u0411\u041b\u0410\u0427\u0418\u041b \u0417\u0410\u0414\u0418\u0420\u0423\ud83d\ude28 #\u0434\u043e\u0440\u0430\u043c\u0430 #kdrama #dorama.mp4",
            "\u0411\u043e\u043b\u0442\u0443\u043d.mp4"
        ],
        "totalCycles": 0,
        "last_modified": "2025-07-14 19:29:25",
        "last_activity": "2025-07-14T16:47:31.733Z",
        "lastVideoId": "\u0411\u0415\u0420\u0415\u041c\u0415\u041d\u041d\u042b\u0418\u0306 \u041c\u0423\u0416\u0427\u0418\u041d\u0410 \u0421\u0415\u041b \u041d\u0410 \u041c\u0415\u0421\u0422\u041e\ud83d\ude02 #\u0434\u043e\u0440\u0430\u043c\u0430 (1).mp4"
    },
    "306841642": {
        "user_id": "306841642",
        "username": "gaifievmv",
        "first_name": "Gaifiev",
        "last_name": "Marsel",
        "language_code": "ru",
        "is_premium": false,
        "first_login": "2025-07-17 09:53:48",
        "last_login": "2025-07-17 10:02:01",
        "sessions": [
            {
                "session_id": "9ed22760fa27e66650eb0ad5a7a49e50",
                "login_time": "2025-07-17 09:53:48",
                "logout_time": null,
                "duration_seconds": 10,
                "last_activity": "2025-07-17T06:53:58.290Z"
            },
            {
                "session_id": "4ed8331687a7e10e1a2794ac4fa409cf",
                "login_time": "2025-07-17 10:00:03",
                "logout_time": null,
                "duration_seconds": 10,
                "last_activity": "2025-07-17T07:00:13.269Z"
            },
            {
                "session_id": "a44ef5a52bbbef4ab36b9026c2e7daa5",
                "login_time": "2025-07-17 10:00:24",
                "logout_time": null,
                "duration_seconds": 10,
                "last_activity": "2025-07-17T07:00:34.162Z"
            },
            {
                "session_id": "805c9b454d3936afbcd436568420baad",
                "login_time": "2025-07-17 10:00:43",
                "logout_time": null,
                "duration_seconds": 0,
                "last_activity": "2025-07-17 10:00:43"
            },
            {
                "session_id": "864eb4f364404defdf1101da153433f6",
                "login_time": "2025-07-17 10:02:01",
                "logout_time": null,
                "duration_seconds": 10,
                "last_activity": "2025-07-17T07:02:11.974Z"
            }
        ],
        "favorites": [
            "\ud83d\ude02 \u041a\u043e\u0433\u0434\u0430 \ud83d\udc4c \u043f\u0440\u0435\u043f\u043e\u0434 \u043d\u0435 \u0441\u043c\u043e\u0433 \u0437\u0430\u0432\u0430\u043b\u0438\u0442\u044c \u043d\u0430 \u042d\u043a\u0437\u0430\u043c\u0435\u043d\u0435 \ud83d\udc9e \u0414\u043e\u0440\u0430\u043c\u0430 \u0412\u0438\u043d\u0447\u0435\u043d\u0446\u043e.mp4"
        ],
        "likes": [
            "\u0411\u0415\u0420\u0415\u041c\u0415\u041d\u041d\u042b\u0418\u0306 \u041c\u0423\u0416\u0427\u0418\u041d\u0410 \u0421\u0415\u041b \u041d\u0410 \u041c\u0415\u0421\u0422\u041e\ud83d\ude02 #\u0434\u043e\u0440\u0430\u043c\u0430 (1).mp4"
        ],
        "dislikes": [
            "\u0441\u043e\u0432\u0435\u0442\u0443\u044e_\u0432\u0430\u043c_\u044d\u0442\u0443_\u0434\u043e\u0440\u0430\u043c\u0443_\ud83d\udc93_#\u043a\u043e\u0440\u0435\u044f_#kdrama_#\u0434\u043e\u0440\u0430\u043c\u0430.mp4"
        ],
        "watchedVideos": [
            "2_\u0441\u0435\u0437\u043e\u043d_\u0432\u044b\u0448\u0435\u043b_\ud83d\udd25_#kdrama_#\u043a\u043e\u0440\u0435\u044f_#\u0434\u043e\u0440\u0430\u043c\u044b.mp4",
            "\u0411\u0415\u0420\u0415\u041c\u0415\u041d\u041d\u042b\u0418\u0306 \u041c\u0423\u0416\u0427\u0418\u041d\u0410 \u0421\u0415\u041b \u041d\u0410 \u041c\u0415\u0421\u0422\u041e\ud83d\ude02 #\u0434\u043e\u0440\u0430\u043c\u0430 (1).mp4",
            "\u0411\u043e\u043b\u0442\u0443\u043d.mp4"
        ],
        "watchProgress": {
            "2_\u0441\u0435\u0437\u043e\u043d_\u0432\u044b\u0448\u0435\u043b_\ud83d\udd25_#kdrama_#\u043a\u043e\u0440\u0435\u044f_#\u0434\u043e\u0440\u0430\u043c\u044b.mp4": {
                "watchedAt": "2025-07-17 09:54:02",
                "duration": 5
            },
            "\u0411\u0415\u0420\u0415\u041c\u0415\u041d\u041d\u042b\u0418\u0306 \u041c\u0423\u0416\u0427\u0418\u041d\u0410 \u0421\u0415\u041b \u041d\u0410 \u041c\u0415\u0421\u0422\u041e\ud83d\ude02 #\u0434\u043e\u0440\u0430\u043c\u0430 (1).mp4": {
                "watchedAt": "2025-07-17 10:00:20",
                "duration": 5
            },
            "\u0411\u043e\u043b\u0442\u0443\u043d.mp4": {
                "watchedAt": "2025-07-17 10:00:36",
                "duration": 5
            }
        },
        "currentSessionOrder": [
            "1\u041d\u0430\u0441\u043b\u0435\u0434\u043d\u0438\u043a_\u0442\u044f\u0436\u0435\u043b\u043e_\u0431\u043e\u043b\u0435\u043d\ud83e\udd12_#\u043a\u043e\u0440\u0435\u044f_#\u0434\u043e\u0440\u0430\u043c\u0430_#\u0434\u043e\u0440\u0430\u043c\u044b_#\u043a\u043e\u0440\u043e\u043b\u0435\u0432\u0430\u0432\u043e\u043d\u0433\u0435\u0308\u043d.mp4",
            "2_\u0441\u0435\u0437\u043e\u043d_\u0432\u044b\u0448\u0435\u043b_\ud83d\udd25_#kdrama_#\u043a\u043e\u0440\u0435\u044f_#\u0434\u043e\u0440\u0430\u043c\u044b.mp4",
            "\u0441\u043e\u0432\u0435\u0442\u0443\u044e_\u0432\u0430\u043c_\u044d\u0442\u0443_\u0434\u043e\u0440\u0430\u043c\u0443_\ud83d\udc93_#\u043a\u043e\u0440\u0435\u044f_#kdrama_#\u0434\u043e\u0440\u0430\u043c\u0430.mp4",
            "\u0411\u0415\u0420\u0415\u041c\u0415\u041d\u041d\u042b\u0418\u0306 \u041c\u0423\u0416\u0427\u0418\u041d\u0410 \u0421\u0415\u041b \u041d\u0410 \u041c\u0415\u0421\u0422\u041e\ud83d\ude02 #\u0434\u043e\u0440\u0430\u043c\u0430 (1).mp4",
            "\u0411\u043e\u043b\u0442\u0443\u043d.mp4",
            "\ud83d\ude02 \u041a\u043e\u0433\u0434\u0430 \ud83d\udc4c \u043f\u0440\u0435\u043f\u043e\u0434 \u043d\u0435 \u0441\u043c\u043e\u0433 \u0437\u0430\u0432\u0430\u043b\u0438\u0442\u044c \u043d\u0430 \u042d\u043a\u0437\u0430\u043c\u0435\u043d\u0435 \ud83d\udc9e \u0414\u043e\u0440\u0430\u043c\u0430 \u0412\u0438\u043d\u0447\u0435\u043d\u0446\u043e.mp4",
            "\u0441\u043e\u0432\u0440\u0430\u043b_\u0441\u044b\u043d\u0443,_\u0447\u0442\u043e_\u043d\u0435_\u0437\u043d\u0430\u043b_\u043e_\u043d\u0435\u043c_#gangermans_#\u0434\u043e\u0440\u0430\u043c\u0430_#\u0441\u0435\u0440\u0438\u0430\u043b_#\u0444\u0438\u043b\u044c\u043c.mp4",
            "\u041d\u043e\u0432\u0438\u043d\u043a\u0430 \ud83d\udc97 #\u043a\u043e\u0440\u0435\u044f #kdrama #\u0434\u043e\u0440\u0430\u043c\u0430.mp4",
            "\u0420\u0410\u0417\u041e\u0411\u041b\u0410\u0427\u0418\u041b \u0417\u0410\u0414\u0418\u0420\u0423\ud83d\ude28 #\u0434\u043e\u0440\u0430\u043c\u0430 #kdrama #dorama.mp4"
        ],
        "totalCycles": 0,
        "last_modified": "2025-07-17 10:02:02",
        "last_activity": "2025-07-17T07:02:11.974Z"
    },
    "5179874369": {
        "user_id": "5179874369",
        "username": "margopesr",
        "first_name": "\u041c",
        "last_name": "",
        "language_code": "ru",
        "is_premium": false,
        "first_login": "2025-07-22 20:20:40",
        "last_login": "2025-07-22 20:20:40",
        "sessions": [
            {
                "session_id": "8d48b1b73045726df502a2110c0cab82",
                "login_time": "2025-07-22 20:20:40",
                "logout_time": null,
                "duration_seconds": 3098,
                "last_activity": "2025-07-22T18:12:18.743Z"
            }
        ],
        "favorites": [],
        "likes": [],
        "dislikes": [],
        "watchedVideos": [
            "\ud83d\ude02 \u041a\u043e\u0433\u0434\u0430 \ud83d\udc4c \u043f\u0440\u0435\u043f\u043e\u0434 \u043d\u0435 \u0441\u043c\u043e\u0433 \u0437\u0430\u0432\u0430\u043b\u0438\u0442\u044c \u043d\u0430 \u042d\u043a\u0437\u0430\u043c\u0435\u043d\u0435 \ud83d\udc9e \u0414\u043e\u0440\u0430\u043c\u0430 \u0412\u0438\u043d\u0447\u0435\u043d\u0446\u043e.mp4",
            "\u0441\u043e\u0432\u0440\u0430\u043b_\u0441\u044b\u043d\u0443,_\u0447\u0442\u043e_\u043d\u0435_\u0437\u043d\u0430\u043b_\u043e_\u043d\u0435\u043c_#gangermans_#\u0434\u043e\u0440\u0430\u043c\u0430_#\u0441\u0435\u0440\u0438\u0430\u043b_#\u0444\u0438\u043b\u044c\u043c.mp4",
            "\u041d\u043e\u0432\u0438\u043d\u043a\u0430 \ud83d\udc97 #\u043a\u043e\u0440\u0435\u044f #kdrama #\u0434\u043e\u0440\u0430\u043c\u0430.mp4"
        ],
        "watchProgress": {
            "\ud83d\ude02 \u041a\u043e\u0433\u0434\u0430 \ud83d\udc4c \u043f\u0440\u0435\u043f\u043e\u0434 \u043d\u0435 \u0441\u043c\u043e\u0433 \u0437\u0430\u0432\u0430\u043b\u0438\u0442\u044c \u043d\u0430 \u042d\u043a\u0437\u0430\u043c\u0435\u043d\u0435 \ud83d\udc9e \u0414\u043e\u0440\u0430\u043c\u0430 \u0412\u0438\u043d\u0447\u0435\u043d\u0446\u043e.mp4": {
                "watchedAt": "2025-07-22 20:20:49",
                "duration": 5
            },
            "\u0441\u043e\u0432\u0440\u0430\u043b_\u0441\u044b\u043d\u0443,_\u0447\u0442\u043e_\u043d\u0435_\u0437\u043d\u0430\u043b_\u043e_\u043d\u0435\u043c_#gangermans_#\u0434\u043e\u0440\u0430\u043c\u0430_#\u0441\u0435\u0440\u0438\u0430\u043b_#\u0444\u0438\u043b\u044c\u043c.mp4": {
                "watchedAt": "2025-07-22 20:20:56",
                "duration": 5
            },
            "\u041d\u043e\u0432\u0438\u043d\u043a\u0430 \ud83d\udc97 #\u043a\u043e\u0440\u0435\u044f #kdrama #\u0434\u043e\u0440\u0430\u043c\u0430.mp4": {
                "watchedAt": "2025-07-22 20:21:02",
                "duration": 5
            }
        },
        "currentSessionOrder": [
            "\ud83d\ude02 \u041a\u043e\u0433\u0434\u0430 \ud83d\udc4c \u043f\u0440\u0435\u043f\u043e\u0434 \u043d\u0435 \u0441\u043c\u043e\u0433 \u0437\u0430\u0432\u0430\u043b\u0438\u0442\u044c \u043d\u0430 \u042d\u043a\u0437\u0430\u043c\u0435\u043d\u0435 \ud83d\udc9e \u0414\u043e\u0440\u0430\u043c\u0430 \u0412\u0438\u043d\u0447\u0435\u043d\u0446\u043e.mp4",
            "\u0441\u043e\u0432\u0440\u0430\u043b_\u0441\u044b\u043d\u0443,_\u0447\u0442\u043e_\u043d\u0435_\u0437\u043d\u0430\u043b_\u043e_\u043d\u0435\u043c_#gangermans_#\u0434\u043e\u0440\u0430\u043c\u0430_#\u0441\u0435\u0440\u0438\u0430\u043b_#\u0444\u0438\u043b\u044c\u043c.mp4",
            "\u041d\u043e\u0432\u0438\u043d\u043a\u0430 \ud83d\udc97 #\u043a\u043e\u0440\u0435\u044f #kdrama #\u0434\u043e\u0440\u0430\u043c\u0430.mp4",
            "\u0411\u043e\u043b\u0442\u0443\u043d.mp4",
            "\u0420\u0410\u0417\u041e\u0411\u041b\u0410\u0427\u0418\u041b \u0417\u0410\u0414\u0418\u0420\u0423\ud83d\ude28 #\u0434\u043e\u0440\u0430\u043c\u0430 #kdrama #dorama.mp4",
            "2_\u0441\u0435\u0437\u043e\u043d_\u0432\u044b\u0448\u0435\u043b_\ud83d\udd25_#kdrama_#\u043a\u043e\u0440\u0435\u044f_#\u0434\u043e\u0440\u0430\u043c\u044b.mp4",
            "1\u041d\u0430\u0441\u043b\u0435\u0434\u043d\u0438\u043a_\u0442\u044f\u0436\u0435\u043b\u043e_\u0431\u043e\u043b\u0435\u043d\ud83e\udd12_#\u043a\u043e\u0440\u0435\u044f_#\u0434\u043e\u0440\u0430\u043c\u0430_#\u0434\u043e\u0440\u0430\u043c\u044b_#\u043a\u043e\u0440\u043e\u043b\u0435\u0432\u0430\u0432\u043e\u043d\u0433\u0435\u0308\u043d.mp4",
            "\u0441\u043e\u0432\u0435\u0442\u0443\u044e_\u0432\u0430\u043c_\u044d\u0442\u0443_\u0434\u043e\u0440\u0430\u043c\u0443_\ud83d\udc93_#\u043a\u043e\u0440\u0435\u044f_#kdrama_#\u0434\u043e\u0440\u0430\u043c\u0430.mp4",
            "\u0411\u0415\u0420\u0415\u041c\u0415\u041d\u041d\u042b\u0418\u0306 \u041c\u0423\u0416\u0427\u0418\u041d\u0410 \u0421\u0415\u041b \u041d\u0410 \u041c\u0415\u0421\u0422\u041e\ud83d\ude02 #\u0434\u043e\u0440\u0430\u043c\u0430 (1).mp4"
        ],
        "totalCycles": 0,
        "last_modified": "2025-07-22 20:21:21",
        "last_activity": "2025-07-22T18:12:18.743Z",
        "lastVideoId": "\u0420\u0410\u0417\u041e\u0411\u041b\u0410\u0427\u0418\u041b \u0417\u0410\u0414\u0418\u0420\u0423\ud83d\ude28 #\u0434\u043e\u0440\u0430\u043c\u0430 #kdrama #dorama.mp4"
    },
    "6017151712": {
        "user_id": "6017151712",
        "username": "hdenik",
        "first_name": "Nikita",
        "last_name": "Teptikov",
        "language_code": "ru",
        "is_premium": false,
        "first_login": "2025-08-05 12:09:50",
        "last_login": "2025-08-05 12:14:30",
        "sessions": [
            {
                "session_id": "25b3ded4adeaf9429ce808703462a507",
                "login_time": "2025-08-05 12:09:50",
                "logout_time": null,
                "duration_seconds": 270,
                "last_activity": "2025-08-05T09:14:20.684Z"
            },
            {
                "session_id": "3fb7bb127666b62386fd0bd901aa9277",
                "login_time": "2025-08-05 12:14:30",
                "logout_time": "2025-08-05 12:15:28",
                "duration_seconds": 58,
                "last_activity": "2025-08-05T09:15:10.549Z"
            }
        ],
        "favorites": [],
        "likes": [],
        "dislikes": [],
        "watchedVideos": [
            "\ud83d\ude02 \u041a\u043e\u0433\u0434\u0430 \ud83d\udc4c \u043f\u0440\u0435\u043f\u043e\u0434 \u043d\u0435 \u0441\u043c\u043e\u0433 \u0437\u0430\u0432\u0430\u043b\u0438\u0442\u044c \u043d\u0430 \u042d\u043a\u0437\u0430\u043c\u0435\u043d\u0435 \ud83d\udc9e \u0414\u043e\u0440\u0430\u043c\u0430 \u0412\u0438\u043d\u0447\u0435\u043d\u0446\u043e.mp4",
            "1\u041d\u0430\u0441\u043b\u0435\u0434\u043d\u0438\u043a_\u0442\u044f\u0436\u0435\u043b\u043e_\u0431\u043e\u043b\u0435\u043d\ud83e\udd12_#\u043a\u043e\u0440\u0435\u044f_#\u0434\u043e\u0440\u0430\u043c\u0430_#\u0434\u043e\u0440\u0430\u043c\u044b_#\u043a\u043e\u0440\u043e\u043b\u0435\u0432\u0430\u0432\u043e\u043d\u0433\u0435\u0308\u043d.mp4"
        ],
        "watchProgress": {
            "\ud83d\ude02 \u041a\u043e\u0433\u0434\u0430 \ud83d\udc4c \u043f\u0440\u0435\u043f\u043e\u0434 \u043d\u0435 \u0441\u043c\u043e\u0433 \u0437\u0430\u0432\u0430\u043b\u0438\u0442\u044c \u043d\u0430 \u042d\u043a\u0437\u0430\u043c\u0435\u043d\u0435 \ud83d\udc9e \u0414\u043e\u0440\u0430\u043c\u0430 \u0412\u0438\u043d\u0447\u0435\u043d\u0446\u043e.mp4": {
                "watchedAt": "2025-08-05 12:14:06",
                "duration": 5
            },
            "1\u041d\u0430\u0441\u043b\u0435\u0434\u043d\u0438\u043a_\u0442\u044f\u0436\u0435\u043b\u043e_\u0431\u043e\u043b\u0435\u043d\ud83e\udd12_#\u043a\u043e\u0440\u0435\u044f_#\u0434\u043e\u0440\u0430\u043c\u0430_#\u0434\u043e\u0440\u0430\u043c\u044b_#\u043a\u043e\u0440\u043e\u043b\u0435\u0432\u0430\u0432\u043e\u043d\u0433\u0435\u0308\u043d.mp4": {
                "watchedAt": "2025-08-05 12:14:47",
                "duration": 5
            }
        },
        "currentSessionOrder": [
            "\u0441\u043e\u0432\u0440\u0430\u043b_\u0441\u044b\u043d\u0443,_\u0447\u0442\u043e_\u043d\u0435_\u0437\u043d\u0430\u043b_\u043e_\u043d\u0435\u043c_#gangermans_#\u0434\u043e\u0440\u0430\u043c\u0430_#\u0441\u0435\u0440\u0438\u0430\u043b_#\u0444\u0438\u043b\u044c\u043c.mp4",
            "2_\u0441\u0435\u0437\u043e\u043d_\u0432\u044b\u0448\u0435\u043b_\ud83d\udd25_#kdrama_#\u043a\u043e\u0440\u0435\u044f_#\u0434\u043e\u0440\u0430\u043c\u044b.mp4",
            "2_\u0441\u0435\u0437\u043e\u043d_\u0432\u044b\u0448\u0435\u043b_\ud83d\udd25_#kdrama_#\u043a\u043e\u0440\u0435\u044f_#\u0434\u043e\u0440\u0430\u043c\u044b.mp4",
            "\u0441\u043e\u0432\u0440\u0430\u043b_\u0441\u044b\u043d\u0443,_\u0447\u0442\u043e_\u043d\u0435_\u0437\u043d\u0430\u043b_\u043e_\u043d\u0435\u043c_#gangermans_#\u0434\u043e\u0440\u0430\u043c\u0430_#\u0441\u0435\u0440\u0438\u0430\u043b_#\u0444\u0438\u043b\u044c\u043c.mp4"
        ],
        "totalCycles": 1,
        "last_modified": "2025-08-05 12:15:29",
        "last_activity": "2025-08-05T09:15:10.549Z",
        "lastVideoId": "1\u041d\u0430\u0441\u043b\u0435\u0434\u043d\u0438\u043a_\u0442\u044f\u0436\u0435\u043b\u043e_\u0431\u043e\u043b\u0435\u043d\ud83e\udd12_#\u043a\u043e\u0440\u0435\u044f_#\u0434\u043e\u0440\u0430\u043c\u0430_#\u0434\u043e\u0440\u0430\u043c\u044b_#\u043a\u043e\u0440\u043e\u043b\u0435\u0432\u0430\u0432\u043e\u043d\u0433\u0435\u0308\u043d.mp4"
    }
}